nickname,date,character_name,world_name,character_gender,character_class,character_class_level,character_level,character_exp,character_exp_rate,character_guild_name,character_image,character_date_create,access_flag,liberation_quest_clear_flag,liberation_quest_clear
아델,,아델,스카니아,남,아델,6,292,166288085155045,46.696,리더,https://open.api.nexon.com/static/maplestory/character/look/JIAHMCDADEMOINKLJGBOHLJMNBEOPGHPGFIEHLKJKAAHAMALCFEOPOBPNLGMJODCOMJPOEIADLMMNNKEGNCEPGFCCKCJCBDAKKEPFIGFGBJNILICLHIJKOOHDKNCPGLDFLJCODIOIBAFLGCIFGEPIGLHNIJOCCFHCDAOEMFNHOGGAOBBMEMJDIFFOPDEFACJNOCBJNIHIEMHNMEHDEHKPKFBIDOJNOFEPBJCBDANKOOJPOHDCACEKBOEJCCAAIKA,2020-01-16T00:00+09:00,true,true,2
조선우,,조선우,스카니아,남,데몬어벤져,6,294,141891595246490,32.930,사랑,https://open.api.nexon.com/static/maplestory/character/look/BCHCMEIFAGICECDMJFGCECJNBNJAPDEGPIDIHDDMFAJFHDBOHAHJGFFPJEHAIGOIJLMEAGDOFCEHMMCILHHOAEFBFGCMBKLACIFJMAIILNDJOEIOOBKNOJBOCBJIAEKFELHCLDAMILJJEGOBAKNKAJKDHDLCHLKADECAOFIPMIIMNAFHCFOGBAADKKPOOOIJBJNIJINNLMDPAKIAAPPGHJAAEKPJJIPPBCDKNJJPKGMOCFKALGLDMIKIINGEBLDP,2017-05-10T00:00+09:00,true,true,2
후니,,후니,스카니아,여,나이트로드,6,295,348462478742423,40.035,사랑,https://open.api.nexon.com/static/maplestory/character/look/CGOCOFDLOJNBCNAIPPBHEPCGALELJHGAGCFCAFCALBIGDCLBHBFEKJHNCFOBHOPMKDIKOAFHCOCLFICBCCGCMOLGECHGKMCOONKPEBOAGBOKCDBPNLNFKJODIEOENNKFAKNOGKLBNJJHBHDPKFDMOEHEJHONDINGHFLNNCPJBEFIOILNKLANNODCFBGEPPLANMPPFOLJFGLAJHKLALEECOOGEFCLMDHDBDHGEBJFFEJHPKAAGNGFCAMALDNPHEED,2019-12-23T00:00+09:00,true,true,2
진격캐넌,,진격캐넌,루나,남,캐논마스터,6,294,283298191140795,65.747,스타,https://open.api.nexon.com/static/maplestory/character/look/NFJOCDKMNJEFDOAFFNHOJIOMHJLIDHJLAOKCALEGCOHDJFOMFPLJPDPFFNPONGAAJBNBBHEBFFEHFJNDMHONAFBOKOCODEODHAOCILBEPECDCKKIGKGLFLCMPAFKENPMDABCJOEGHLPKOFAEPFNLLNGPHGIHJPICCMCBBNGPOBDPBECMEHAODFMDKHLDLLFMCEMLNJPBJENHOHAAJCNILBIGEPOFIMPBBNOEIHEFOLGHBKDKCEEFFMKHMGABAGCI,2011-07-07T00:00+09:00,true,true,2
자기,,자기,오로라,여,비숍,6,293,115192337422021,29.407,뷰티,https://open.api.nexon.com/static/maplestory/character/look/FCBGFBHOOGELBINHKPACIKJLNFIIMAPEJCDDOHBBGEPHGHFKOHAOHIFEJBLGOINJLFAGKLPEBAINNHKCCGDGNIKONBEGALPCMOHONGDJGOLHJMGCBABJFFDPOEEHKKGCCJJCBAKMPMOFHOEKFJEMKDJNJGDPKPPIGKCDADPPCIKCMNEEDDDBCBPDJOEILHLMBANGBGMNOGNMEFBCEGPAAFAJKPFINPCLFGPLFFCPINOJIAKPJIANDMOMOPEAKMDJ,2024-06-19T00:00+09:00,true,true,2
남사친,,남사친,루나,여,듀얼블레이더,6,292,287740743581889,80.801,이브,https://open.api.nexon.com/static/maplestory/character/look/HFNEFPAADDCCHEJPBAJNKGBIIODKGGJKILKNHGPKGONALCLBBLCIENNMHLDCEPAFMANIKDEJNEPPJGKGCGCMGJFKKACMPDPJCFMNFMLGDDCJJJJOCBBMLJKFJJJIHCIGKBMPOCFOMMDBPKNJJNCLLBMCAHODHNJIFNCDENANJPDELPOIMDEJFADEAJAFPDMNGCCCKFLGKFGMNFPCNKPJCLFBJOBDBHFPIGELCFNAHJMHBKNFOMNBNOCOGHENANPO,2020-01-27T00:00+09:00,true,true,2
겨울,,겨울,스카니아,여,"아크메이지(불,독)",6,295,20749411794635,2.384,사랑,https://open.api.nexon.com/static/maplestory/character/look/ABKLBIAGCHPICFMDMCJMKINMBADDKGCPLBJBJAICHCJHADEDIAMJMHAAJDIMONLOHNLOMKAKGLLJHCABDFIDMMPPMHPOAGMCNIJAEILFNOPKDDBNHKKOJLIADNGNAAPBHJMEJCAEDPNLDAHPEIDDFHGFPHJFDJEHDIEBBEKJOHHMDLNIOLKDHLFLPNLKOFIKOBGPALBBDKLDJJOJLIDEBFHABAAMFLPNGPLKGIGJCDCLICJDGIANKBNELAIAHBFA,2018-07-08T00:00+09:00,true,true,1
흡혈,,흡혈,스카니아,남,데몬어벤져,6,285,65111570991281,65.431,리더,https://open.api.nexon.com/static/maplestory/character/look/PMIAKOMOEJCAEOLIFNGMIJPKGPJNABPALENNHHLLMNOEHPPGJOACLLIMPFPICHOCKAPFLFLIDAILOMFKOIFAIKOKNKJPBJGFOIBPEAFNCGDMODFBFDAPNENGCMFFHIENKMCHFOCGAMBKLLLNPLDHKHCFKJJGJGJCCMFDDFGAILHGLNFCGINBGDDJMEAKGBKNEMKDPDLKBHHIBBKJAGECBEOMFBMEDOCOIEOHNMDJIHINBBCLOAILKIPKFLBJBFBG,2022-03-30T00:00+09:00,true,true,1
고딩,,고딩,루나,남,히어로,6,295,107571868490477,12.359,지존,https://open.api.nexon.com/static/maplestory/character/look/JNLAKKHFMOHIAGIOCMGHCHOEDFKOLGDCHNIALOBLDLCMDODCGNOACLLOPAKNGOBEHDPCJHEDPDMGOEKNCPKNDGANBBFEMGJOJADICMFAJCEOEGFKDFCHNEDLOIAHMELDCHJHAMLDBALKFEIJEGCPFJLMCJFLOEDNEIGFCEMCFGJKHCDLOIMLEHELCLANNFCHPPGILAFCFBLCODHMIEOJMADFFGDDDOBHAKHNNILLEPLDKCAGDMGNCPOIJKOPCKBH,2022-09-19T00:00+09:00,true,true,2
담배피운듀얼,,담배피운듀얼,엘리시움,남,듀얼블레이더,6,287,19699775215841,16.361,BOSS,https://open.api.nexon.com/static/maplestory/character/look/JBPNCGCFLMKEILBHFLMHIMDEKEKLFHLJJEOCKPMDDGAIOGEFDEJIKIFELHJCHIEIOIPNADACDDHFFHMIPAPPPINPBACDOLFPIPJGCIFDHAOODDPBPNLFJJEADELFCANMPDDGOLJFAPDIIEPMNDPCIDLCCCOKEGCGICHCGHEOLNMLFMKCPPBMBDKJLOIGKBECLMODAAFMPCNGPMMDPLOGEMMECLFHBICJKIMNLICNLGNBEFFBHANKMNNGGOFHECEG,2010-02-28T00:00+09:00,true,true,1
민아,,민아,엘리시움,여,"아크메이지(불,독)",6,293,352340186805806,89.947,디즈니,https://open.api.nexon.com/static/maplestory/character/look/CAIFBPOHBEKBPIMPCBHOMMNBHCOABNIBIFNLOJKAMJEEAHFEMDFPPHOBPOFHAEJKDIHDDOMBOINODOIJONKIPGLEBBGPJAOHLHIDHDABGCHLCALPHIGPHFJPGPCEIPKDAPDHINHCLGKINNFMDJGJMLIMLLHHLHLEODDGNCONHKMCGPAGMLODHBNNANOGMCJBFLOJMLOMHODECKNMEGGACODBHCICKANGHACJCLMFEFNEPIDLJCDKODMBGBFBBKNK,2022-09-17T00:00+09:00,true,true,2
토르,,토르,크로아,여,팔라딘,6,294,376488188762517,87.374,지존,https://open.api.nexon.com/static/maplestory/character/look/MMGPEKFIIKDCMLNFNFLPBIBCHGAOKMBMKHFJCKHNLLBABOJIGPKKEAMDLJFGDGFNMKFDDIABBMPJKLBFPFOCKIOLKNJPEPKNJCFONELFLBJMNFKJJOMNDLHFMHLAKOGFNLKDKGNOAJOHPIOKBKJPNMOJOJOMDKPDLCOHLANFEALHIKACKMFAGCNEICHJIKLKOFAAKMNIHLHNOAHHKCBLNEPJALDDIMIHIEMGFMHIJJHDGCJMOHFHHLNMDJOELIDI,2019-06-17T00:00+09:00,true,true,2
남색,,남색,루나,남,나이트로드,6,290,217286072834150,73.830,스타,https://open.api.nexon.com/static/maplestory/character/look/ILNKFCALKKBLONECINMKDPBKLCLPKDAIGPBBHGMHHLJHCKMBKIEBOCMDCAIJIKCEACPHLMOEJDBFOFODDPLJODMJJEGLCGMKGKHGBCHDCJAJHMGMLFKHGJHDDLPIELPMPNACECELOBILOAPMNBOGJCCCODDGDDGAFLNIHJNFNFAFGDHJAFIFCPKKEIPELNAHDCFJJABMEAOAMIBLDBACCKIPFMINKLMANJNILKKDKDJIHDGOMHNHGKLEOPAFGPLP,2017-01-14T00:00+09:00,true,true,1
순망,,순망,오로라,남,섀도어,6,293,185229302868406,47.286,뷰티,https://open.api.nexon.com/static/maplestory/character/look/FPMFCELBAKBECOMMPCHNGEGGIDPJAOLGNAALJMDHIEBFGIGDOCOFOBDBDAFKDOHNHMBAECHKJGLBNOOBPNFKDOICMNIPALJFPKKCJFFGOCEOMPAMKFNIBNJDKMKOMKLFJIFALILKLAGJGNJDOKMEEJDLOJLNAFHFLJEGHCJCJIAOIDDPLDPLLLKOEJGLPCJNGEKBMLDDBIGJENFFMNIBJMHCAKABNNAKONCFKBIOMKKJIDFAMFLNGHPGJMNLENID,2021-04-24T00:00+09:00,true,true,2
강은호,,강은호,스카니아,남,칼리,6,283,26674164860306,59.561,똥퍼,https://open.api.nexon.com/static/maplestory/character/look/KJPFBJANJHEBFLMJKPNOAMIKCAOBCJMEEMELKCDODBPCMOGJALAIMCCDIEAFMPDOEEAKAPHOJAPIBPPKAKFAAMIEILNGHLKCEIBKGJILFAOPCHDHGBLDGJDDPPLEIGLPBAHBAAIEKIAGPPAEAFKHKPLNOFJAPBAPCMEABBNEEMBOIFNFJKGPAKDPHMIEKEHPGFDOINOAADIBLBNIPHDODABPLNNNAKKKBBFAJIMFMMIEHBCODENAAKAPBOEEDAGP,2025-06-15T00:00+09:00,true,true,1
토니,,토니,엘리시움,남,은월,6,294,11108996388360,2.578,디즈니,https://open.api.nexon.com/static/maplestory/character/look/JIMPMJHNMIHPBFJFMKEPPNHJNJLCPOGOGPGIGNMFFHINMNOIAOPHPEIFNBKMJAONOALIOEMGDMLNEENCMHCLDMKBHJCDDPEHHNMGCLLMCAHLJOPOGECOHAEADGDOGKFMEOFDBPPAKOADIAIKHPOIHHPIKKMBCENAGFAMDKPPJGMJPLGBDACJEELNLJMDOLANHEJAFACFFIENICCALHPLIMFMCDIMGIIPAKJJHIELLMBLAMFCOLLJIMOMJDBPNOHG,2016-07-15T00:00+09:00,true,true,1
뚱달콤,,뚱달콤,엘리시움,여,아란,6,293,240445596010826,61.382,BOSS,https://open.api.nexon.com/static/maplestory/character/look/IAGJMGLBFLMCJHLPOHEMOHDEEOJLECFGGONNAICMJAJHCPGKPDFKICLOAIPHEFKPBNNNPDGMBCGEGJKEMOHMGKFOHFPEBOHIDLDDEJNCLMEMNDOKLKDJGEMMBAMNLKAPDMNDLILPNIEBEAEMBEKNPJCFBACCMONOKHKENHPBJNDJKBHKGBDGPMGDFLHKNMJAOOGMENLJMCFBLGLJNDAOIKMMJBKFDGJICINNDEBBHHNPLJLPNABLEOPOEFJINNPB,2018-07-21T00:00+09:00,true,true,1
으찌,,으찌,베라,기타,제로,6,296,234811314081015,24.525,반달,https://open.api.nexon.com/static/maplestory/character/look/KINLCBCJLHNCGEBDBGFCKAAGIAHFAKHNLGEGBAJJLMCECMKEDFOIDGHCPKCHILIJDJDCMLFAOLHPLHMDPDGHODNFOEFBHDIAOBJCCHCDFBOEFNMHNDMLDFHACJDNGGEIJAOBHNAIKHABBKIDEHLPLBMKJECLLOPCDLJKDMOBFADHHFCDKENCJGBMACLMJKKINPGODILNIBBCAPKFGIIMMJNDKMJDJMEGFKJKJDKCGIOEGOLADKNDLGPHMGBLPFPL,2014-12-30T00:00+09:00,true,true,2
권이의듀얼,,권이의듀얼,유니온,남,듀얼블레이더,6,291,156111937976978,48.222,Bless,https://open.api.nexon.com/static/maplestory/character/look/AOOOGCJKFOJAANDGBCABLLBHHNGHLHFEGNKGHGKHAOACNFMBKNEFFFBIFMLPDNGHGBPAJLBEGLMAPPOKAKMJHJHKFOHGNMBKBNEMOAEBGNMCPDEGNCPODNHNGBDGILGIGHFGPCCMFOHKMGFHAPPLEFIGENHDBFEFOJCMFJKFCBMODCHNCLLAJHCDCKGKEDAJHENJEIAJNJKIMBPDPLGCHGJHIOMDOPPGMOONPFHHLCGNEOAGNNIGEIKAFGCODEAM,2012-03-28T00:00+09:00,true,true,1
17미나,,17미나,크로아,여,캐논마스터,6,291,115545305400087,35.691,루루,https://open.api.nexon.com/static/maplestory/character/look/CEKIMDJCFKNBPJFGGEAADDIAJFMFCLEHLLLCKAEDEJLFIGNAFECAEIACPNLBFJFOCNMBCPEGJLMBLFFJNAEBDNAKJEPJNHBPOGOKMADLLMCMKHLBBLHBHGHMIOGEBMCLNAGHMCNCPFBAFNECPNFILFPENIILCNIBIMBCOAFNFFLEAELPJALFAIOGBLAHCCHIJDLHAPEONCPKONBMPAKKGDPDMEEAGNLMOJJMGCAHMFCGIDECCEDDGFGAIPDACADB,2018-06-21T00:00+09:00,true,true,1
러쉬,,러쉬,크로아,남,은월,6,293,90249573473066,23.039,루루,https://open.api.nexon.com/static/maplestory/character/look/MEGKCPDFEFEJAEBIHHAIDAMCLHMOKBNGJMJDEIBIOPOOFCDCNIADHCAEKBMOOEPFFFJKEBHFJLPCDPMKMJNGPEEHBIILPMINDOMLDDKIKAGJOGIDIFNFJEIMAGDLBNBOHEGNMEAIONDMOBFLBPEDCPFADGCGHMMEDKPKMDLEPBNFLPFFOEOHHCLJHKFBCEODKABLDKEENLGJPOCJAPPHNOCHKLKACBDFFDMBMNFFEJJHLKGGPNIEGOEHAHNHBLNL,2017-02-11T00:00+09:00,true,true,2
진지조하,,진지조하,오로라,남,아크,6,286,95026563956301,86.811,Rose,https://open.api.nexon.com/static/maplestory/character/look/IAOJAJMGNFONMHKPHDOCJOLICCKHDBLCKGGHLMMGDKOEBJFNJDKMOEKIBKCBDLEOHHLJNKMHIHEJHDPGJBMBIBHJDBHDAELNEIOINGHBELDLGNLFLBPCACBJHAFENFHEJHGFGNKLLFJNKLDLNNFBLIEFOLDNBFCKCPFKAOHGILCALIFGEFFCBOIIAAKLBPCPEHBODPFFLOHIPKHBKHKMEIDHEJDKCKMGLCLGLGJJHKHANKJLGLCIPNOHAELCHOJG,2019-01-01T00:00+09:00,true,true,1
라이즈,,라이즈,스카니아,남,배틀메이지,6,291,212298236102410,65.578,악마,https://open.api.nexon.com/static/maplestory/character/look/CECONNHMLJJNAOEFGGIKGICIOBGLEJPFOGGGKMOLFBEHFNBPNLBFCAIANLDJNKPLNOKKLEAOPKHELGOOLIJFNOHBDMCHMBJAHOBICHPHMOFNHFFCBKPMANLPIFFMPOEJDFNIBHJKBLKAAEEKLLLHNNLIGBOKHAOOGMKECKILIPCDELBDMJNEBCHBFOCBEEOPJNGDNNNJNCCBBMPOCKMFJJCNBNLKDCNBACKFBBALJGJGLFKEEANBBNDOLIKCJCMO,2023-05-31T00:00+09:00,true,true,1
축일추풍,,축일추풍,루나,여,윈드브레이커,6,295,123740218527493,14.216,지존,https://open.api.nexon.com/static/maplestory/character/look/FKONGMFIPAMGKEDKAHNEPENOMHLFPMMIPGJAMCIILFDJJHOBFFDLMABBJCFKAOHPOGMOCIPLMDANCHFFFOCMBCBGGBFFKFGOCFDEBKGBOGOPOBNAANJJJMDNIMKAOPBDANBPHBBACMOKOJHOHBJIAICAJAIDNACBNPBIDFDOEDHMIPFHJGPMLKCKDFFMIKEGODCIMFHIKOKHCCCDGHHDCIIEJLLICMGDMKEKIPJKKBFCBONDODLHNMGFDHALHAGK,2023-02-04T00:00+09:00,true,true,1
백금장미,,백금장미,루나,남,히어로,6,292,97582340039293,27.402,지존,https://open.api.nexon.com/static/maplestory/character/look/FEDLPDHJGFKCNDOFPEDHAGLLIOBJAOEPPAIMIHNGCCIJOFPGDMAGICDFCPNKPJHDAKPMBJPAKMGLMFEPIFHEFDHLPPLBLKFJPEPAKFLNOAFFCFGLJOCEOAAHOOPJEFKFIHLKMIMIFKLLJFHICEJEMLEAICBMPJOKMMFKNFKMLDGGINOPGGPNIKIEMLCGLPLAFHGMPOHALNDLPMIPMKDBDHLECFJOPGFJLNHNJKFPFGMELJDEIIFMIBGEFHDADBMO,2022-12-09T00:00+09:00,true,true,1
박준형,,박준형,스카니아,남,아델,6,291,164068202154263,50.680,사랑,https://open.api.nexon.com/static/maplestory/character/look/GFDMINLNDLNNCOFOPMPPLHMHBOMFBHAGAGCAEGDNOMEKCNDAIHNNLBDDBPNHLJJHIMGPLDEPDCJBBGCAPHCCIIAOLMKGENACGHJLDCFPAIIIGGBEMOMPBEIJKNFHABGADNECNPFMBDNPAEOMJEKEHKNAJCMBIAAPCHLDGCEIHKLGPLBOMFMLMGEKNAFOPNJBLNOHHIBHILHLOADDMJALJFBFFFHJEDNHLMKOAJBIFNPEFHJNJCHPGMJAGPGEMIJF,2021-01-10T00:00+09:00,true,true,1
망고,,망고,베라,남,신궁,6,292,142571592289281,40.036,반달,https://open.api.nexon.com/static/maplestory/character/look/IJANDAFDEFANNCDCLJHMGMMMHPKLIKJPABEMDEDDFDLFGLAEOECCONJIPIGNLBOGKIMJBILBAHMDAIDNNKOBJLPKFADIEDJKPGNMJHHPPOIANCHEKMNOMAFBLHOHHGFEDALCAMGLJADBCICEJLBFIIDECDCHGNMHAANFJHNLOINCCDFFABNKGGOLGCEGEGGIPEOHLPOIICEOHMIJDIFKJHLLDMFFECJHPPFEPNLBFEJDFIFOLFACCAEECDEIBMPO,2022-08-28T00:00+09:00,true,true,1
퍼킹빚취,,퍼킹빚취,엘리시움,남,듀얼블레이더,6,290,175427590408211,59.607,ACNE,https://open.api.nexon.com/static/maplestory/character/look/DMFPBICOEIONEPNMGJMPNIIDEMGNINIJOKHFKAIPPHPIJKMONADGOICLIBLCOMGNOLIBBHAABAGJLEHIHFLFPHEODLLFHPGFGGIBDIDODAGHLMFCHNHOHJGLMKDMMNEBAJEBFIKNODMHDCLGDCJOJPBJBFLIDHKPCLLKDKDKBOOEDENFDMAEDICNFKEJEGIKPPIOKJDHMBPBEOOOJPAKAHGLIHKFMPPPNBMCLOHILMBCBJMKBEDBLBIBELDMHAAM,2020-08-12T00:00+09:00,false,true,1
뜬궁,,뜬궁,루나,남,보우마스터,6,292,122706860899235,34.458,지존,https://open.api.nexon.com/static/maplestory/character/look/KPNGPKLMANNDNKGBLCBNGCNACECKKKNPIJKFHMEHAAKNODKGEKBMGJPLNJCPABLGFDLGNKHPFPCAHGPGNAHAAIDAENOGBMHEMDDGBJOCPBHCIIGELLLDKDFLJGLEPJDJFLPBHGKJCCLCEGKILJLFPFFHLDPJOJKMCBMCLLMEBJCCNJPJHFCBCENHODADLMGJPEAFPAHPBOBCDHHJJKFCGOIPHNHGJKIFJFNJIJHEHOJEMKPKGPKJMIECDKDPAGPH,2017-07-18T00:00+09:00,true,true,1
무죄,,무죄,베라,남,팔라딘,6,293,7317897519947,1.868,반달,https://open.api.nexon.com/static/maplestory/character/look/BDKNMHGJKCJBLLEMNEJGAPFCJKJEMICODFNCBPFGNEIDEJEDEMGHDDGCDKMABMAAPCOKFIODAKHBIAHFAPAMLGLCAMBHHNPEDGLPAFIMBPADKEPIMDKOFOILDHMFACGMCFGCPJDNCLNLMNAHDMMBCCAEOANCPFEHOEKOJNGDAAFGAMDLNOMPPEOGKANPJADGFOMAGGOHIOLFBOMOEPHMILNGEEHMJEHJADKGPJHOBBADMMLGEMBGHIGDHNABIOBC,2020-03-09T00:00+09:00,true,true,1
와닢,,와닢,루나,여,나이트워커,6,292,72134230449695,20.256,욘석들,https://open.api.nexon.com/static/maplestory/character/look/KNJDICBBBOOOFAADMOIPPGOPMPFMCEKGAKBAFAEBILMNDNEMNCIEDDEKHJJAEBOHIBKGAKIDCANCGLGFNPMOBADBGDECDNGNBBHLEHAOMNCNAKIFGFIDOIAHJEJDIEEKINOHMJHJIEPDJFCOKPEMAPPPDDKLIIOKKOCFEGHFNEFNBEFOMLNDANKAILAFAPBFPDKHMJKFMPBLKNONAKAKAPFAHPGBEEBMGLNABLKCCBCLIKGHFHCMMBGLDPAHGNGE,2015-03-29T00:00+09:00,true,true,1
버러지,,버러지,루나,남,듀얼블레이더,6,288,92621418412115,69.929,욘석들,https://open.api.nexon.com/static/maplestory/character/look/JOJAECCGENHNHGLAGEMAMNKKFOKIEFCPGIJBMPIHHLBMGDKOKGAMFPCNGFENOMHFGJPFJMFOBCJCAMEONJGCGKMIACJCEOABIBNBFIPIDIKIIBBOKFFKCALPNACKMCILEJFGDCGGMMAGMFOLMLNFGBGEFIODJLLCIGINKPKMHGLEIJOJNCEPLOKFHGEIKIMBPDDGEBNKOKIHCGHNFPJHJNLIIDIJOEHKPFMMJKDHJEHMMLMPBNIFHAPIGAHDJAMC,2015-09-20T00:00+09:00,true,true,1
선물,,선물,스카니아,남,제논,6,293,157322514015023,40.162,사랑,https://open.api.nexon.com/static/maplestory/character/look/CPLFLILNCAIDEFPBMAIPFLHECKIDMIKPHEAPCKKAHDOCOHINMEHDPEAMDHPHAABOEMGJBBBEACFPKLDGADCBJENLLGPGKPEBKAPHEFLOLKPBHHLDCCODPKKDENHAOCNDIEODLBDMHCEGNBGAHJENCHDJCJICGJEPPKGAHOGPDMFMHPJCPACHHHAFFFKACKBDNDEDHBJAJGEFHLILIGFMAKHPOGMBAEEGHOOCJHGLINOGNIECHDABAFOGMCJDKCOG,2016-07-15T00:00+09:00,true,true,1
식중땐,,식중땐,루나,여,카데나,6,292,297761110322546,83.615,스타,https://open.api.nexon.com/static/maplestory/character/look/BPKEAEPNLACAHDBKDBNNHHGGMEKAINNGHPJAEHBFDCJJIOJIHGKIENAEGCLDPFPMCCLGOBLLGBANJPJJNEBBECBELPBHMKFHNKPFKEJBHOEGJANPAOPNDNNEIOACGKFIJOHJNKFNCIIJELFLMDNHNHHLAIAFHPKPOBBFFANKEJCBMOCMPGHMFOFAOIIGCJGEPKLENLMABJNDDKPMIKDPMADJDHEBMOOJFOCBGKGJEBKDKKMGGAGKABNLNBBAOPND,2020-03-25T00:00+09:00,true,true,1
꼬잡잉,,꼬잡잉,스카니아,남,메카닉,6,295,12628949229075,1.451,리더,https://open.api.nexon.com/static/maplestory/character/look/KNCFIADMHHHPPDKPEEHGGJEKJKPPEFJHKNIFKFLFDGOJOGALECHEDJDCDJDNCACACNJFKHFDGJPEKOHANJLNDMNEJCAAPNMMHKGKFJFNFPCANDFBMHCEEODGHEHPHIKBHEBPKKGENEIBPOBMMDOMDEBIOLKJHKAKBCFCNMOMGCGLFGIBIPBJPBOIGHOPOAHDONCCCCKBDMLOIDODFKGHCAJDBEFMOEMIEJOOMIHMJGNJCEKLDKNKGKEMEHEHLALE,2020-07-03T00:00+09:00,true,true,1
루미,,루미,루나,남,루미너스,6,293,183392470200441,46.817,스타,https://open.api.nexon.com/static/maplestory/character/look/OENDOGPLMJGIAPKGJDHIJOFIAGJIDLOEAFHNIPFJDCJPKGMPJAPBEEEMMLFBGFJKKNOMELFODDOHKCPGNLPGIIAHJGMBGCCELGDKLCPHKEGAPBDFMKLHONGGDADPJFMIKNLLCLKNOBOPGBPLLLCGPBFFIIDDJJMBAODNBBOOEKMHOHHBIGIILGCMBKDBFFPEMKEKGHICCFFNEIEAKOIPELAJPILHKAKBLBAKMIGLMJNLOGDCJNGBLCMPICLEHAEL,2017-12-29T00:00+09:00,true,true,1
포도먹는표도,,포도먹는표도,엘리시움,여,나이트로드,6,295,215416762150354,24.749,BOSS,https://open.api.nexon.com/static/maplestory/character/look/LIPJLOHEBOKIMBPLMGGDFPNOBEABEADPAJKOEAAPIBONEIJPBMGLOMNJBFGAJHDCECAHPOJELDEPGGPMMHALIIAMHEJJADDPEOHALLKHBOKLPGCIGJGBJBGMNAIIDHEALPMICKOHGDANDMIPMDKHNPMIKDKPPEHFAEHDCNIGHKABPELKIHCJGKOPCHGEMKFMMAMFBIBIFGAJPFCBEBEHJGAECIJHMAHOCDNOCNFCDKKPHLMDPCDGNJJDPMNMDEOL,2016-12-22T00:00+09:00,true,true,1
스고용,,스고용,루나,남,팔라딘,6,291,272929905229980,84.306,지존,https://open.api.nexon.com/static/maplestory/character/look/JMMGLPELAODGBDHJDPNLBCCDMCIBDCIFIFIDPMKEFJCGHLGHONNBJKIFCMIJMAFDOMFOMCAALNKBAPONFPCGPFDJLMKOMEPMMBNIPHDDNIEDAODJPBJINHFMOHKFHBBNKFDANAIFMLJELBPKMFABEEBMKAHDCCPJFLNALCBGDPKBAAMHKJKENLKDMLMKOEKLIEJFPPAMIMCGJEEOHNGCODBIPFKPLDMFFPPCIDANLBDPOJNEBAFNHMKDKOGMJIOI,2020-03-28T00:00+09:00,true,true,1
개사기,,개사기,스카니아,여,에반,6,293,66998397721871,17.104,악마,https://open.api.nexon.com/static/maplestory/character/look/HDGBJPHOCHIGALLNIEPNJHHEMBMHBKLHNGAIMOABKJEOMPCGPJAHHGLGBGBIGEHLGLFMALHLHFHAONNBMHHIBEMEDIKOOFLHEAJMOGNLOFCCCHCCPPEGEGHPKJKDMBHOHGOAJCPCMAOMCPIJGKFLOPOFKJBFFOLFOJHLEEAHBEMAEGPFMJMIMBPPOKLGCAFJGDCFBBOLFEBOMKBIGECJACHBOGBAJGCKHKCBCGJGOEJOCNAHCNPOMKCPGLJDBDKL,2019-09-24T00:00+09:00,true,true,1
짜세,,짜세,베라,남,호영,6,293,268983540191469,68.667,순애,https://open.api.nexon.com/static/maplestory/character/look/GBKFBPELOHFHCOLJNJKNNCJKIMPNGBONMEHNMHKCHCBNIJOKFAEHKNOCJCJELIBPIBAIGMGFJKEAADCAHNEHGMPHNPGHELFPCOBAACAMFNFGKJFGHCKCLNKOCLIJOCPNOADGHPBLFNBDMLJCCPIMHICBPDEOMJKFKOMNOPJPNBICEODJCAGCIIAIKGGCFPCKNFNEDPIBCMFCAANEGKOMMFJKDCBEGFIJBEMGELGFHFKIFIIPNFPPKEINIHDHMLKF,2021-08-12T00:00+09:00,true,true,1
쩐다,,쩐다,엘리시움,여,나이트워커,6,290,140077339080469,47.596,송이,https://open.api.nexon.com/static/maplestory/character/look/OMNCLOKBMMMDLMNEFIKKMGICKEDBBCEEMEMAEPCHKJLIOFHMNFBKGAOHGCLLNJFELAIKEDKNGEJBEMIBFAGJFOCMNAHIHOPNMPLCDJHOCIENBDALDHKKAFMBJNMMPLHLOLGHNMDENDAEAJEELJBIAMCAGBLCJEGJIIJGIHJJBPEMIMKLCFMADOLLJGMHDKLKDOCNIPJKDICMFBPLNAFHFCLOMOFAILKNLBMJIFILGPMPJPCCECBHMMMPOIAKBBEK,2024-06-23T00:00+09:00,true,true,1
타락파워승정,,타락파워승정,레드,남,히어로,6,293,43771424424780,11.174,우아,https://open.api.nexon.com/static/maplestory/character/look/HDCCHGHGLPBBNCIAOIJADCGPJAKBEJGHIEEAHEOAHPOLLBEFPOLJBAHHAIJLGEDMOIAFLALKDCFHAGKONDMGGLAAHJBIDKEAHGJMMAALAHEKACDACEGFCPGILBFBFPPCEGCLAIPEBNLLHGDAMNEMEPFJFMLLNNHNJJJOKCFJOHPJLLNEMKLBLACFIDCHNIAIIDPFKPEOMCCBBKFMDILBNIPMGNKIHIGOLKICOIPMDLHIMHPDGPAJMLAGEGEADLHE,2018-08-27T00:00+09:00,true,true,1
깜랑아란,,깜랑아란,크로아,여,아란,6,290,175841442280350,59.748,네티,https://open.api.nexon.com/static/maplestory/character/look/BBAKIGBNANLNCBNJBDAHAEFGMOKOKOOLCFBFCHBOOHGBKGNBCLFLBKIHMHNCACMFJFOHJIOKELLPLAFODJIAEEHACPIALKKOHPKDEHDABGGFADIJHHDNKIEELGKHFHIODMNJKHEAAHJNEBKJKIOINILLPDPMDKEBEGNNFCLLDPNIHBBNFHOPJPDCFHDMPMEMKKPOKDMPOMPLJJMJBOFKNFIKKCPONDLKCJACNFIOFDFOLAGJOPBBFJFCMKPKFFKG,2024-05-06T00:00+09:00,true,true,1
멍곰,,멍곰,루나,여,"아크메이지(불,독)",6,295,578394643271092,66.451,지존,https://open.api.nexon.com/static/maplestory/character/look/HHONLANFHGFIMCNFDACJIIEODJHAENNHFILAKFGCKFGMOGMGDNHEPMFJOECPJMCGIPOJDHMEEFMAGAIOJMCJNFNONAAJIBNIJKAECFFDECNGEBHHOLCAICKFNKPBIPLNGPEBDNAMNCACPJILDKGFEHHAMEBEIJKEHIPKHDOBLBECDMOGFMJJJJGGCNENEPMHOJEPDBEKCABALHLMEMKJBAAHIDGHJMFGAOMKJJCHNIGAGBBEOFNDLHHJDCALGMNH,2016-09-25T00:00+09:00,true,true,2
꿈달,,꿈달,베라,여,메르세데스,6,291,237986189584967,73.512,Alice,https://open.api.nexon.com/static/maplestory/character/look/GKFOFNJPNGNOCEBPKNNKMPOFILJIPLMIJBBHPNJPCDJHBFPJHGCHHEIFDPHAKMDPMPDCHFFBMICDBBEOJJJGAMDMOHNLFKKAFEFAKHPECPLFLIHDHFNGHKJCHGJHKJPFLHPKJOCPGDFLHALCAIDDEJMOPGCIMFILHMLEGMIMGPBPJBKNOJBDNMNBCMHDLKJFOOKJAONPBHMLALIPANEJPMFGACNPCAMFPFMOPPLECKLAODFJMNEOOGGLEGKHDPNE,2011-07-21T00:00+09:00,true,true,1
툭촉,,툭촉,베라,여,듀얼블레이더,6,288,79729915695405,60.196,반달,https://open.api.nexon.com/static/maplestory/character/look/HONAGICBNCKABANHDFJKGCOGLPPLIKCCEHBFCDCBKCLFJPJINICPMMIHHBELJOOPPEOJCDIKFMLPGACEGIDMLOOPFDCDIIGBKJPNHNMNKEDNDNMAPDPMDGBBIFMHAFFHIABNJNIOHJJOLGJPNIIMOLCCHGDMHLLCPDNHMDLLDLAPEBNDBELNGMKBJKMGBMDJEHODGFDFIAKJDDBIHONMFPDDKGJMABDDPFCCJBLMJGLJHPEAJEMFIGGLMAKKOCKC,2012-11-14T00:00+09:00,true,true,1
옛날눈비,,옛날눈비,오로라,남,패스파인더,6,293,348514629758027,88.970,좋은사람,https://open.api.nexon.com/static/maplestory/character/look/AJKFHHJCENHGFEOBDFOOFFONEGEFAADCNMLDLGPOJOBPPGHALLIAHIMJOIIPFGLDKNCJHNOIEEMMGKPKOCEHOJKGGCPLAKOHEHMGPBKPHNAMMDONKLACDLPGLLDMJJMKCKLFOPCFKLIPLLLPIBPEAMNBJFGNEOKKOKKENBBPNBGADFCGLIDJPBCAPAHGCLHKCIENJIOEKAHCOLDGDEPDENOGINFOLNHLADJLCAOLGPLDABFPJCDHOMCCCICPECMB,2019-07-13T00:00+09:00,true,true,1
강동원,,강동원,베라,남,히어로,6,293,38143693631069,9.737,별밤,https://open.api.nexon.com/static/maplestory/character/look/PCELLJNOFLENEGFHEBNNNBMKGPBLFOHLLIFKHPOBFPAOCPFGDOHPBKOCKDCOIBHDFJNALGNPEALPCDHPJMGABGPHCCNHMNKMNKGPJKIKFPAHOCKCNDPBLOALNOCAEHLDPFDHHEAEDDMGODIIGGOKBOCKMBAODGDGFNGKPJEINFKGGAEIMBGBKJNOOMJAAIDFFLJDBFGPMALEOAMPCCGBLAMLEFFAADEGKLKOCOMAIBINLNLBLJHBBKKBONGLEIIH,2021-02-06T00:00+09:00,true,true,1
함다연,,함다연,엘리시움,여,소울마스터,6,293,249491247955736,63.691,디즈니,https://open.api.nexon.com/static/maplestory/character/look/LAJENMAIKDFDDMAHFCCBMPLIPPGACNPHCJGGKNBACBIMMGFNBJMGPNMNJDDJELEDMIAJIHIBBJHFCGNFHGGIBJLDHAKAMNMCOABBEOODIHFNCADAGLPHOLJGFHPJEAELKDHLKEGIAKPGKNJHOFLFBGKCEHHHGBICMKFJBIMBGMCAGJGIIPOMNEJDEIAEAOJPDLJFFJDFMLGMBODJKKJCLJODCIFDJMADJEKDPEGBFJGLABEFHDFCMCOIPOOJOMEH,2018-07-24T00:00+09:00,true,true,1
미소년,,미소년,엘리시움,남,다크나이트,6,292,350476125905692,98.418,High,https://open.api.nexon.com/static/maplestory/character/look/EDAANPGIPALJGMIECMLDFNGKBMEIFKMKINGPGNPJACENHDPLAJNEKCOELJFJEGAFJILMLKFOKNIJAOCLPJKMFAPBIEEGBONLMGCLIALKPOJANPJEHCCDFJBLCIIOBHEALLMIJEODIMNIHHFNPKHHNILCNKNDCNHNOCDKDMCMCICBHDMPMPFFEEKIPNLKOHNIBDCOLGBPOPJFJLFADMCOMPNOMLFOKPCPBOMEOMLAGGOECGOLJDPDBMODBJODKGOP,2013-05-03T00:00+09:00,true,true,1
상담,,상담,엘리시움,남,나이트워커,6,293,198512757547259,50.677,High,https://open.api.nexon.com/static/maplestory/character/look/FKMNBCMLLEOCIMAOKDHDAGBBAHDOLFEKJHMDOAELOPFAGNJIFJCOFEPLEMKIHKNCDNDICPCLIOMIPHGDAJLPDKJBBGDJOHHMGPFPIBJPFMCKEBMHAENKMFOLEAFLECFAPCFFEBBMKCFGACACJEPBMEECAPCMNOLDLGEPDAALBJLOLBAIANPBHACJIFLIMIDBFGHBJOLDBOLJLCMFHINLLJGILAGIMABNBEHABCMIHEPOALNPJLJFPFABCEDFEIBA,2015-02-06T00:00+09:00,true,true,1
신프롱,,신프롱,이노시스,남,소울마스터,6,293,57744391223235,14.741,은행,https://open.api.nexon.com/static/maplestory/character/look/HOGMAIBDDEHFHAMOGIDGHAPLNCDIIKGEDBDFIMIJAIDHJIDJBGDBHAPCEGJELOOBCHGHDGCFEIKCGKDNHFMEAIMFJIPBPBPAPEOMOHONOJEACGOCOPOBILIEJOGGLDPEKDNIKFILOCOHGJNNIKCBLEEOBKCEKHOGADNPKNBNHAPAFNHJLHFHIBGINODLCAJGKADBGJNPFNDIGOMMEDLAONIDHHADPMFKDHCHDNLGDBEAFPPKLLDMIPBJODNBMKHD,2017-01-24T00:00+09:00,true,true,1
끼토,,끼토,크로아,여,블래스터,6,292,350822042816892,98.515,루루,https://open.api.nexon.com/static/maplestory/character/look/AMCLGEEFBADGBFLCHPJNNGDIJMFGNMOFCCHBNOIMDPJNGHLMDJBMEPKIMHPJOIHKFEDFICJOBGBDAEDPAIKGAFBHDNBMFDLOJIAAFAPACKOKHEBDBKJNODLONOGONJPCADIFHONINBMJOPKDDLNPOFEFICECFPFLGFDLHGFNJEHBBGHNAOLIBKBHIONAIFIHPOEIPBOIDFEEEEGLJFMNMFHGOBDBCCOKHPFMJCAIKKNEBGENAIOHGLGNIADEBDDC,2017-02-26T00:00+09:00,true,true,1
밴티,,밴티,오로라,남,칼리,6,293,206687639451095,52.764,악몽,https://open.api.nexon.com/static/maplestory/character/look/GLFEMLNIJMHJPAJMOFGNPCBDOKMCJEOGGLFPDHGAEOKMKPLKLAJKLICAMEPFOFDIJDKFBJDNPGNMDMJOCMBDLAKAJAIAMLELIBPBEMEBCGILICMLFGICKMBKKIAGDNOGHCCMILLBFBFPJLEKLLPJBGFEFMHNOFOJBHIDJLGOJCPFPAFDJACFDLHKPFPMIEBJENEENCPCCGEANNIMHPHDCFNPBHJPDEMGCJPMADKAOMGOFLJNMGDAADGMFFEPDOND,2023-06-29T00:00+09:00,true,true,1
노잼,,노잼,엘리시움,남,배틀메이지,6,292,247297079279951,69.444,디즈니,https://open.api.nexon.com/static/maplestory/character/look/IPOEBOOPIPLADENFMBGBAHAIFJGMHMOAHHKLJLGENENGMFHEILPHFHEEANAFHFBMLJDGPLPDKGBNGIJBHLONEMLKAPFIENBALKGIIIDEFBIFPGABINLLCBIHPCJJMLNHFPOKCLKJOBHLBOACHILIOMCALFNKKIJDCKPNJCBOLMAAJICJHBFJACLOFCLJGOHHGCPBPBPLLKBFNDCBPAONMDDOINPONAAPIMCONCCPMKEKNJMKJMDOEDNOHJJDBPCD,2020-02-15T00:00+09:00,true,true,1
주디,,주디,스카니아,여,비숍,6,288,113171662686762,85.444,연두,https://open.api.nexon.com/static/maplestory/character/look/NOGGIKNDCECNMHIAEMPPCGCHMPIEINDDMKCJFCMMHLBEAABJNCKOAFGIJKEAKNHCEPPDKNABCOBNCHBKOLAJJOBFAHBIMIOENOMJJEOAMMJPBBIOPPMEMIGMBCKGCPIIKKAGNCEHEIGKKHCDPBLAOPPFHKAEKOJDPIPGCEAOCGAHHJDHIAHIPKEOODFIMLEAANNKAICOAEPFOLHMPODMFNHIJHPLFPEFJKFEKEEELHDOKAJIJCKIELEKMFFBMLGJ,2024-01-09T00:00+09:00,true,true,1
산양,,산양,루나,여,소울마스터,6,293,103400428460083,26.396,이브,https://open.api.nexon.com/static/maplestory/character/look/OFPFIADPOLGJPIMHBKBCPCKPKPDHGPBBJGEOBJMLNLEBIKFELKAMLDACDJGGLELLOEKKFIFGMHGONIODNHGBLKNCLODNGGKDKEKKMFLIKJNDDEDBADOOMOMAGLBCKKFPPINPDMODBJELFMMFKHHFKGNCMOGPPIGINPEFDGKKBFHHCFEBAHIOOEHJEACDJOFAIOABMAFJJNIAJCBBCEKPLAIJHAAKDFDGJCCDEAHHOOOIIHMNPNGBPAAABLMJMAFM,2022-12-22T00:00+09:00,true,true,1
현건,,현건,베라,남,캐논마스터,6,292,215924017636415,60.634,치즈,https://open.api.nexon.com/static/maplestory/character/look/PNDIEIMKDLOINPBBPKDFOCKGPHBOKIMFNLEJAKLGHHBICFCEKGOHLFHBMMPBIAPOAIEDONDPNDGDLMLCGNIAFMOPOGGEBBGBBBHKGLNHFJDKBDJJDKPCLGOFMNGOLDDCGCCCCFJCBINKHOLABOCDOEGGDCDEPEILBOOOFOKOPCIEFFLLGLFNICKEDFMENAJFKDOJLBGNCNKICELEOBNGIEFOMFILGGGHGLCAJHOHAPFNNJDKGPNMNONMNLEJCDOB,2020-03-06T00:00+09:00,true,true,1
단과,,단과,스카니아,남,아델,6,294,124488853023845,28.891,리더,https://open.api.nexon.com/static/maplestory/character/look/JJHEEIPBPPIBBECPGIPPLKCFPFDOHJKCLEBBLMLMOBMBNCEKHLFINHLFCIFABMFNCJCFAPGLMCIHCOFEOBJAJIGGBCFNOMJKIICCKHHPDHKHOCIDNCIDADCMEDPDNLKPDPHECMEOIDJLCEODAGNBHDLDPPAKELECPEDLNCLHNPGMGLIGHDBHFHAIFDAACLDMOKOMKEMNOKENGGJBMBJCFFGEAIDDNJOKIGCOABPGFLBGDFFFHCFOHJHOBGEEKLDC,2020-06-01T00:00+09:00,true,true,1
딱밤,,딱밤,스카니아,여,제논,6,290,82994299772553,28.200,사랑,https://open.api.nexon.com/static/maplestory/character/look/BGPPMGGEBHLJLBMJBBNJKJPAKNHGFGILGJNGFFEOPFICCEIPKPBDDLJKGFMGDLPNLIILOMOMGFKFNMHPLCDJDMCEAHEIABPPJEGKHPCDIEDENPKFJDLGONIHJKMBOHGGGGCOAPLOPJGAPHDMBIFNIJOEAAGEMBCDHFOBKHHNBALNGBNGAIPIOICBCNKDPNNKFHJGBCPBEFFNFHAAMEFKGONBIFPAGBPIFFPNJAKNAAAAEHBKNLNGOJGMLKKCODNE,2017-02-26T00:00+09:00,true,true,1
도둑별,,도둑별,스카니아,남,제논,6,291,54021513801017,16.687,영원,https://open.api.nexon.com/static/maplestory/character/look/PFOLLJEKMHAMHLEKILJGBGADFCGDPFCFGLGNNJGGCNCEPELKKPFCAPDPIIPKMFNMKGDEHNKDNOFGNEEPOMFPJDIKAAOADMABPKMIHHILOJCMPHIKKPCKEFDFGMJDNDFJKCGOOGILIPMMLDPJOACHHFHEAKPPHIBBIBGMMFLFKBPMKDAFNMEPNCPMDIEOLPMGAANJHLADFGJDOFFHBOHDOKABDEHNMILOCDNPFGIKJBDGPPEKJFJOGKCBJHHIGCNC,2024-07-30T00:00+09:00,true,true,1
더비,,더비,오로라,여,아델,6,291,59135556037634,18.267,소감,https://open.api.nexon.com/static/maplestory/character/look/IAPEOPEGNNAEJGOPAAAAFHKFFKKMCEKBGDDFCANDFJAMNCNHEAKAMBNLAJKHJDCKBDDIDABCEODCOJBNCEKIFCAMOHMJPCBDDGKCCCCLCEFGHDMGBIPPGDGMIHJLNIGLMHKDLDBMKOJPACHCMKGGGFPAFFMBDOLCHAGBGKJPGADDCGECAKNAKKCIMGCLKGANCIJILAKIGIMNKKPEMEBCPHAOMHLKJHFNJOIFIIICOEFBPNINJIOOJKHHBIKJHFIO,2020-12-17T00:00+09:00,true,true,1
캡틴선밍,,캡틴선밍,스카니아,남,캡틴,6,286,12404641818433,11.332,태극,https://open.api.nexon.com/static/maplestory/character/look/ALCIKPFLLOPHHNCDCDJGDPABPDMONEBJFPMKHKOCHAELHOCJLHIGCEHJGKFGBEFNBPIBGFFLDMMKBNHFHHPBFBGHBCMGJAJFNJHLIDEOPNNDAIJGAIPHBJLIFLIDOJFLAJGCIALLMLOMIBBPDKJNOHMMCBBGEHFNNNNJEAIBGBMBPCGJKBBMNMINKPAFGBHECPJCCJJAAFDEDJGHKJNJIKFILPEFGMHCEONEFDFLBMPCLBBKLHBEHEOLCOJHJOPB,2023-07-17T00:00+09:00,true,true,1
창세,,창세,베라,남,다크나이트,6,292,154171960487122,43.293,악마,https://open.api.nexon.com/static/maplestory/character/look/BKJDCLCLCINCCBBBPGCDNABPNMJFCOKGJOPCNFGMDODEIAPMPFNHJBFHNGEKNIPNMKFEBPICABFFELKLIDICNCIMJECIEKKGCNEKEHCJFEDIKEADIDPIEKHFHPOHIOLNAPOIJCHCGOJNEMKKMOPAGJBHKNGGMGODJKGHFDKECPNKCNKLNIPJIHLFDJNOIJHCHGGDMBGFGJPBLCNHIBCJJPMKMENEFKMMBDNDJHBFMMLFMHLIHNMGPOIABNDLBEBN,2017-09-29T00:00+09:00,true,true,1
아유,,아유,스카니아,여,비숍,6,295,12967057879684,1.490,사랑,https://open.api.nexon.com/static/maplestory/character/look/PLJPMCGFALPIMKFDOPNALPNHPPJIEPDIHFHEOIEOJKJLBEPACJFJCGOBJHKJNHIIEJGBGPGOJPEPINMMHOIDNOIOFJPCGIOBMKDEMIPHFJMDMNLFLIBKAEADAJHCAMGEDLOOBEIBHAGKMAFKHNHANCMEDOONPHGOENOINEDNAGNJBFGDENKCFJBOJINBHEGONKBHINHPHHBMDJJPLDFFOAPBHLHEGMNBPIADMHGHKEGCAOBHBBDLHKKEDIICABLA,2018-02-15T00:00+09:00,true,true,1
둥둥,,둥둥,엘리시움,남,"아크메이지(썬,콜)",6,293,95581283401186,24.400,송이,https://open.api.nexon.com/static/maplestory/character/look/JMNLHHCIGHCJDEIDIPMNONMGNLNAGGBBEOEGJANPCOIEBLDBNNPGCFLNPCEEHLKBGMCNHBBNEKEDGGLCPIEGEIELNOGBJECLBGKKIIGDDDLMBDLLLNNGFJCOBHIPHEPFFMIMHLPEOFOBMGGKCKKOJNLGLEJOPEHBBLOFPEJNOJBALHPIAODJDJHGEOLHLJNKKBGNEOKNDKPMBGAIHJMAJEHPLDHODHLDPBCNJKCBLBFNGDGCDMMFKLMKGOONJIJH,2017-07-10T00:00+09:00,true,true,1
나무망치,,나무망치,루나,남,팔라딘,6,292,46932300636477,13.179,욘석들,https://open.api.nexon.com/static/maplestory/character/look/NIDFPCINMPLKKLDBFFOPEOABBBPBENDNOHPNJICKFKDNFKFMDGKPOPJOIPPPFEEBJCJHOJGHAFLOKOHMIIOLJODGCLJFNMAELIMMOKPLMKDHBBIDNPHKHNNNIIFAHGMPEKFFFCOHBIAJGOCEIBIKKLNCCDIOJIIPDGPPGKCMGNLBPCOIEPNDNGLPGAPPHGJGGFIJOELIPEMIKFEJDJPHCOFIFBAOEKFGKHCOBGINEKOOIGLNPIBAIPFPKHEDEEBK,2020-01-11T00:00+09:00,true,true,1
으파,,으파,오로라,남,데몬어벤져,6,297,930369929628134,88.338,뷰티,https://open.api.nexon.com/static/maplestory/character/look/MJHECLBFLIHBBOJKJKGJNDPOHKHGGIKOGKFMHONLJDNJMCODLNNGFJKHFHBEDJLJKNFMECPEMBHDCHMDLONHLHLMHLJCCPKJJNGLGLCHEODLBJEGDEFJJHMPPHBKMFGHIEAGAEIAMNAADDPPFAMKHCLKKGFOCJLDEJNNKHJMBKONCGPNJDDFDHLGMOEMEBMOLEOPLDNHFLJBAFCLPIDOEEEPAGDLDHBKIJPFLHEGCPNHLBDJOLDNNMMDKBFOPJKE,2017-12-02T00:00+09:00,true,true,1
낸내,,낸내,크로아,여,데몬어벤져,6,291,314280251535794,97.079,영혼,https://open.api.nexon.com/static/maplestory/character/look/BDMDLGGNGHKFILNIINANJFOIJPOOPMGBAIBJNCKADAGDLDNDCPINJMCEOOKKNHKPGIEJJBOOAJLJGMNEEBFIHBBICCDBKCNKNNCAPNGOFFIJHBPBNIOKGBBABIIIDPKHAADEPDMMHNKAIOLCPMBOLIANBOHDCBOEPHBOGDIHCNOLIPNDMGOCCGGFGGGMGGOMOBBKHLCAAGODHLMOPALEFCKHEPBBHCJBGBEEJMCAKLGMCJCNMIHFBJJHHCGIALBA,2018-05-31T00:00+09:00,true,true,1
바글,,바글,스카니아,남,"아크메이지(썬,콜)",6,291,36725297467580,11.344,사랑,https://open.api.nexon.com/static/maplestory/character/look/FFHKHFHFMOLLNABOJKKMOCOKJBPCJCBEMEGLPLLFJFOAMNFFEINJNKPECAKKFGOHJLGHMCNAOKKEFFJCGCFPFBFHFGOPBCDJCNGHLMPEEJJHACMHBGLGKCDFOLDJCNEBKNJOLFNMEBPFGGNELLNNJOLNMFPOGKMNNBDFLJOBBCLIPAFLIGLAPCNABPMHOBCNOLFACGDEFEMKDDOFBEMLOIOAHAAAKIOGOPNEILFEBFACJLBGOMOBCJKJJGDEHECJ,2010-05-26T00:00+09:00,true,true,1
축원,,축원,베라,여,듀얼블레이더,6,295,347659887522363,39.942,반달,https://open.api.nexon.com/static/maplestory/character/look/PFBOLGOOGGBINDNKDMFGJLNHNBKBHJAGCOPGODLLOKILOFNGMOKDHPOILAMDGFNMGIIPDLGCDPGKLBOFBNJLDNKFLBEKCHMBODFKBKMEEGPKOMGKBLGEIEHFOMIPKFFBJEKAGNMFHFKPHPJKLCPBNCOBMHPGNLHPOCFKEMABEDMNKJNLGAOCAOAFJDFGBDKEAGPOGABONJNFACCLKKAOPFIALILEPHHILEDEMLPHENGGABJCPEDILKFFDPPEMNHA,2015-09-25T00:00+09:00,true,true,1
으꾸,,으꾸,스카니아,여,나이트로드,6,295,314970826225270,36.187,사랑,https://open.api.nexon.com/static/maplestory/character/look/DHILNGNMFKCBFCPEFKFPKNNNPEMPHFNLOMPEEBGKBJAODMGAMAEEFOICBKFOKAHFBOEMLBALCFBDHDMNCNPPEJGBIIJMJOHGOEKHHJCEFJPFBALEOONMOGNDLPBMPPHEIFBIOOOOHOFJMJLEGGOCOJAPBCOKNJJLCDEJHDLCAOOJMBIKFBMKCJCCEDPHPPAAHIILOIBFBMECENGJMAIECLPFIBBCJMPNGOODMKLJFNFPJFNNCKGJCOCMGCJJBOFB,2019-11-02T00:00+09:00,true,true,1
흐연,,흐연,스카니아,남,호영,6,293,319522537605984,81.569,영원,https://open.api.nexon.com/static/maplestory/character/look/KCHDAINKLDBMGJONLPGJMNNOCIBBFAOCKPDDKCMIOKLHIMLKLHMFEDKHDEEAHNDLFFJAKACFAFDPMECMDJCJDKELEBDKHBGKEACDPGLGOFCBJGIHCKFCIJNIGPBHLHDJGOAKOAGGMAJBKCLADDBLCNPJGPFFMDFJHBOIKNBLHMFCEANONHNMKNCJHKJGFJANNLNAJBLIDJJJFDEPGOJGHJBNNHHFEEAHGEFGGHLNFFICAKMLJBOELOIFPMCCHILI,2021-12-31T00:00+09:00,true,true,1
패권,,패권,엘리시움,남,듀얼블레이더,6,290,89432130664134,30.388,BOSS,https://open.api.nexon.com/static/maplestory/character/look/ODKNGOECHPPFFDFCHGCABDGDDDKBKHIDKMJIGJKEKBGHHLFKBKGFFMMJHEGAFLKDFFJICEAEHHJHKJFGAGIPCLAOODEJCOJCEIKEAJEGALBHMHPHAPCLFHMCNHHKHFHLDELNLKLHNFGFFIPJKHHKBGBBJOBPJFIMHLHANCHMLCLPMKAOKLJMNFCAMCLPEDDPIJKDAHLMBMGGPDOPKJNPCNEAIMLFGMOAINMLFNFMFPJNICNFBHPBDBICJCLBDLEP,2012-01-26T00:00+09:00,true,true,1
과한,,과한,베라,여,"아크메이지(썬,콜)",6,291,53494286538174,16.524,반달,https://open.api.nexon.com/static/maplestory/character/look/GAGAMBPPHDGNLIHNJGJIIBMMIPHJODOONCLGJFKCAINBKEIBHHJEKEPKGBPNLJIFHEBKABPAOAMMOEMEHKAMOIHFBCINFBAPNHGFCALFMGKDMOHLGGDBFIEBDOODOIJPONIFGBBBFFIIKBBNOMNNFCBGIDJEGEJHGOMEJPCKBIJKFAPFKGFPPMFPNLDCCLJNIGGNIOEPFAJFJOMJFANKIONDANLBPJPPOPCLMLNLKJMNOEEJCLAHCJAGFNDBEENM,2019-01-04T00:00+09:00,true,true,1
루사,,루사,루나,여,나이트로드,6,291,241183810494632,74.500,지존,https://open.api.nexon.com/static/maplestory/character/look/PEEJFOGPHLCOPKMKFKEFBBOJPEBBJCGKFHAEPHHHKIINBFAHLLINANEADCNAMLAJLOCGMPNDJAODIPBAMAAOKDGEKCKNFCEMGFFAHHBEIOEPMPPIOEJBBDFAMJCOODGELOFNNPEBIAHPGDAFIEGDHAKICKJEOKMCAGFDAFOOCIDPJHMDPGFOMBJAJNOJMKKPBDPPDACONBKPPPOGKFEOBFCPKNDLLFMGBFJPCAIJMOJDBEONDNGGIBKJNLGLCDMF,2006-07-07T00:00+09:00,true,true,1
쿨러,,쿨러,오로라,여,에반,6,291,73789891620716,22.793,출발,https://open.api.nexon.com/static/maplestory/character/look/LIDDJFCEJAOANEMNFKJDLFNCHDJJAKKKPEFKPBIFAHHHMFJJHELJFOHGICPPOLKNEKEDIIDDEELBJBKADKFFMOPOMJHJMBDGBJMDJADDILNMEKFBMONKIFNNGCPDOCAHMKEGJDFAPIADBEMLIGPBBNGJOOMCDOIDAGIJIPPDODOCBAFIGLPGBLCFFINJJAHOKHFJAGOEPLLLOEHJDDMOOHBIDNDGOPNJLFLCNFLCGNCLJFFIMABLMAKCKIAPLLIB,2016-09-12T00:00+09:00,true,true,1
일라오이,,일라오이,엘리시움,남,팔라딘,6,293,72756159544521,18.573,BOSS,https://open.api.nexon.com/static/maplestory/character/look/FKEPABPBCHKKCKEDHCOKDBFKPANHFKDCPILNGCMLBLFEOIJIIOAHCBLGNHAIHLFAPGMEPLLCHPLAKBAIENCJHHLDCGLEJCONFNFKMOCPNBMPKGAOJFPLHCOMLONDGKPGIJCDDGIKKFMLDKILOOLIOAAMOLGKJHJCFAKFEFDOMJHOCKCLHHHFAADEJHHNCOHJDOHMJJPBOGFADLPLBDLGAMDKGNLODHIEFAAKMFMKMLCLNFLLEFCPIHLOIFGLOBBN,2019-10-08T00:00+09:00,true,true,1
대구사는정학,,대구사는정학,베라,여,나이트로드,6,292,227931063253352,64.006,모몽,https://open.api.nexon.com/static/maplestory/character/look/OAPNDEGKNIOHDEFLHLPJNAKLFMHPMABKGPJPIAIBMDHFNCCLOEBNEBCHBBPHPELIJEOFOJIHJMENELCMJGGAJNMIAHMPOBANCDPOLLPBFKBBCEDPAGOCPOBEMAGAKLJCINOBEDNIGJJHDAHDBIPDEAPJPHEKCGDKIFJNKNKKECGBNCJDEDLDLLEAJJDEHNMNHNKPHOCACDBDCNCHBENEHBIAMNFCJEIBFAIAIDOEKCDGMKLCMLJAGAMODJHCAKIG,2024-01-20T00:00+09:00,true,true,1
허챔,,허챔,스카니아,남,호영,6,293,257624666134504,65.767,사랑,https://open.api.nexon.com/static/maplestory/character/look/IJBJFCPLPDIAAACNGMNECKJJIIFFCIOCGMMCCIAEGKHDFGDHGPHLDIFHALDPALBENIGKKFABEFNHEDHBBFAHMANPBKCPMPFEJKOGMNPGECLNBCEHOIBLBNAGFCBLGLLHCBCMIPMPAJCGLGKGBIGNGIJOEFHCEKJPEOBENABCAAJGOHKCFAFPGHBCMKIKFDMGFJBEKCNGPDIHJHCJHIPPOKLGJCNBOLANLDEDLGKHNGCCJNDGFKPMHPIDMHFOOADC,2024-02-22T00:00+09:00,true,true,1
녹뚜,,녹뚜,루나,여,아델,6,295,90591870831436,10.408,욘석들,https://open.api.nexon.com/static/maplestory/character/look/CHPIHIHMPCBALICHCDNEPGGFLFKAGACBOGHDEBKMBAHCIOFDGHLCIIOMCFBDMDHNHHDBHKPCOAHDEGCKEEGNAGOGLDLAIGFKMPBHNOCLGJPMJDEHDPIDKBODMNMIAIHEPNNAEAFMFNNPNNPKHPKLCGGIKIKDNGNLOCGBBMJGBJADBFPAEPNOKADCFJFAPLBPJEGMHAEDNCFDDNKNCIAEAFKIGAAGEMFKONPMMLBOFIOCJENAGADLBLCNDJJNPOKP,2020-04-12T00:00+09:00,true,true,1
앙꼬,,앙꼬,스카니아,남,"아크메이지(불,독)",6,294,341099384315497,79.161,사랑,https://open.api.nexon.com/static/maplestory/character/look/BJOBMPCEKBDHBNFHLDDJGKDCFNHBHFCMNLELBCGELDEPLBLBCDPEFCMIJIDHAMBKCDLCCFEHIPMANCBLDJCMANLKKBCCMNHKOCMGPKKFECPPJOJKJJICIMCDDBFMKDOHJNPKLPGKKIOKLBELEGOEKHOMNKNMNIFNBAAGGBDPEFGPDMJBMAHAPIAANBCMCDDIMAILDBNACEEOGIEBAHLALNGGFLEJPJGBACGKICDFMGAAMIJFNLLDAEKAKENHPJHP,2020-01-25T00:00+09:00,true,true,1
르끼,,르끼,베라,남,나이트워커,6,287,2699343744098,2.242,반달,https://open.api.nexon.com/static/maplestory/character/look/LNLDJKGJALKELEBEMFHFPCLKCAKFNCCJDPDLLCGPOOHNCPDLKIODLBIFKMGLKMADIOPBJNALIDMDBMCGAAFKODMAPAPIFMMNHCLCODPMOBBICCINAJJGLACPLBBJKJELGPILIEFCKFFCHLHJHBAAMKBENJMKMPEHBICJLCGELEAOCHIOLOFNHKEHCEOPIDPPCMHBAAOEAAIDCKBNKCJNGPJIICMFBJKKHCKBECNFGNIANABIPJCKNCIFHAGJMDNA,2022-07-23T00:00+09:00,true,true,1
신강율,,신강율,루나,남,바이퍼,6,295,668204565168930,76.770,욘석들,https://open.api.nexon.com/static/maplestory/character/look/EEJLBAHIGOELNNAJOAAKFAEOHKCGIEEICPKHJEDCJBNCFCJCCIIGDIPBKFLBHBDFDDFHIHJFIEKLBDFFDBOIBGOCIFCIPDMIBEFJNJMFOHOLHBENDHACBIHKACLNPCNPPNBOEGDJEMIPKOHHKCFOMKIGMNAJAABHPEPLGHPHKPEEAFBGLJIANKJPNOKNDHFAEAJLJAGEDNKLKFJIHPHBOMBIOLMCNBEAELGEJLPOENEFPDEPFCEDDFMNJIMFGGOI,2018-06-22T00:00+09:00,true,true,1
비올팬,,비올팬,엘리시움,남,팬텀,6,295,581203310931879,66.774,불빛,https://open.api.nexon.com/static/maplestory/character/look/LEAMHIDGLNFEPMBHPPGBOAEMNLLKFMMNHCLIHPBDCMJPOIJIGCGFJGMJMBDCHIFPLFHJLMFBLDIJCKCLGHKEAALKHAAIGPJOLHGAAGAGAELCHGCNHCPMAAPOFHOOAEKADDBIAIEOINEPAAMKCIOGDHAEPCEFLKLCODLDKBBKOPEMCGIBECMABDDCIAGJDHHECHDDIKOENGIAMKMPNGAGECBPKDOHMHMKKANLJGALGEBBDHGDFIGNHPNGMHAHEFMC,2012-01-12T00:00+09:00,true,true,1
클빙,,클빙,엘리시움,남,메르세데스,6,291,191814928091320,59.250,BOSS,https://open.api.nexon.com/static/maplestory/character/look/KOHENAAGODKBDBMIHDNDLKFJGPMCMBGGMCJFNJHMMLGIHJPNNOGLHCKEFAGFEMHGPHLPDLLOMNNHHKJCMICNGBDFBNMOAJCAKDBBFGILCGKFMNGFIGJEKFOKKIBCDCCIPGOEDELPEHKIMANEIMBNBMBDJFCOPPOJILNMIHIFKGKKGLEAMKCEKMEOKJBFLHNONKJGGDGMHOKEAOPGIOKODMIDIIMJPFAKHPMHPBNPPNNGNMDNDPCFDEELJIENEDDE,2011-08-06T00:00+09:00,true,true,1
리기,,리기,엘리시움,남,데몬어벤져,6,289,20403295670926,14.004,불빛,https://open.api.nexon.com/static/maplestory/character/look/KNBMBOKEJPJMIEJNEJIOCOEMDCDKPBJICIBMCCJOHFMKGENDEIKDGLAKMHKFPFCMEMKBKIICMAEHNFILDIDAHIDOEHNEBIMGCLOCDCABLBDDMPPFDBEKDPGCDCGHBBJGCEHKBCMMMGACNFPCBNNPAEAPAOIFODLOBOIGCMLPIFLJNINJCJIFJBCLMLPIOFHIHBMKKPOPGCLADEBMKPOAHHGAIPFOGEKMBALBMFIGHBJDHICOGPGFCAOCAOACAFOM,2014-12-28T00:00+09:00,true,true,1
귤민,,귤민,크로아,여,메르세데스,6,286,108197297391940,98.843,토끼,https://open.api.nexon.com/static/maplestory/character/look/JMMHDHOHJFKOOMDCLEHGHOICCAPGNEADHIBBKAGCDEHLHAEPOBLNCLFHANBILCPNGMNGAMFENBGFKBEMDBHEMOAGCNELIGMKGHCAGHPDOLIHLAIPDHPMELLGKBODMDLDFAPBBHBAOLLEFEDGFHHLNMLCANJKJOLBDKBBGHFNFPHBPAKDINODBHJFNOPGJNLBJIIKKMNILEHBPAANDPLPHAPCOAFLJCIJLDBPKAHEICOKLEHMOEOHBCGPGMJEMHDD,2020-01-20T00:00+09:00,true,true,1
유부남,,유부남,엘리시움,남,다크나이트,6,291,66746581171022,20.618,BOSS,https://open.api.nexon.com/static/maplestory/character/look/FIGLAEEBGFNJPPMOHJBDCHAEAGCELEKHIHCPAPPEIOLFDCMBHKMMGPIBGOPNBFOPEGEJLKGGKJNBBNEGEPHAFPIIACFIBHHCDHJCAHOIMMFHNMFOOIMPBEOOMAMAJIACBDAOHMFIFKIMKIAMMIOPMCDDCJDPIAKMPNJLOKGFDGAOBMJONADAMFGAGDLINLADOOAJJHIIFGFMLHHKMEEHGFHLGDPIHCDOGCIABGPOAMMIEDKMPOBCBMMGFJEHICPI,2013-01-01T00:00+09:00,true,true,1
도스석궁,,도스석궁,크로아,여,신궁,6,292,119344172229144,33.513,루루,https://open.api.nexon.com/static/maplestory/character/look/IIBLHCPKBHHPHGFBOCLGGCLPFMFMANCFKNHGBAHLHJJBFMGGHIAIKDNEODKEIKMHHIKFAGAAOCMEAJLBNFMJONBEOFAGMMGCOHJOGNNEHBHFEHJPNMHPOIDLAHBMBOMPPMKAFNNKCJNMFDFAEOMILJFHJNCDAHNBGNIIAOJOALNNMPHPBNHOFEEFAECPEJNJKHMLCAOKBKDNDICOPDNFNCMHNPADFFACLCBEFELPMDCOLLKGDNABCDDIBLEDEJFN,2020-02-15T00:00+09:00,true,true,1
물주,,물주,베라,남,팬텀,6,292,279778818115852,78.565,반달,https://open.api.nexon.com/static/maplestory/character/look/LJJDDAFDDJNIDHODKDDCKPEHKEGIGNEHILLGJJGNDAEPMFGCLJPLCIAHLDAHDFBJIHHDABDHIGOGNBOFAHEKOCMCEALFIINMPJGINGHNNHLFOJCKNGDHGNEEJAOBGMOIACLCGGBAPAEKLALEBBNEIOAAJKKMJLADGBLCKJOPPKIACONJHCMEJBFHIGBNPODILPELOCMCICIGHCCKIINAMHOFBNAMDKCDIBNPOFPHMJMEEHNCPKFLDEEDBOIHCFAD,2016-07-07T00:00+09:00,true,true,2
냔우,,냔우,오로라,여,에반,6,291,25543471346105,7.890,뷰티,https://open.api.nexon.com/static/maplestory/character/look/EOHGMNOEGCNPCGPFNPIFMFNHOCKHHGKCJBFJPKKGLIMKJMFJHCHPELFEGIFJFELLMMGIFHFHJIJPGKKHIEMDLPDLINNLLALGDDOEHODIMBCELFAMADCALJNLAKNHKGFEHPJGHLIJGLPCEFCCPCDIBEFMAPMHJKHEEFBKGAELCGFMAJEIFAMCKOHKFMNPOCFOMJCAKHGDCMMOODFFBFPDCKBJHHHOHGAIOBABAJMLIKPIAJHEMINPPEFIIKNOBBAC,2017-05-15T00:00+09:00,true,true,1
Slavia,,Slavia,엘리시움,여,비숍,6,293,96590086544287,24.658,사랑,https://open.api.nexon.com/static/maplestory/character/look/OGPNJFOKFEODDBKGFOACBACPPEJGGMMMCLDNFOBEIDONMFNEFAOPGGBMHAGIHBOCLIOLBKCHNOMKNIPEDGACPMGOEIEIBLNFMEIHEBCAJKPMBCOBCBPNNMGOLBAJBKOIEMEGCHJBHKMAPEGDHMJFBDPFDFEFLNJBHOKCGLOINOFPKOOFKMNAJFNBGBPJMMNBLKEOADDHFLJMCCCKEFONDDPKFJMOKKANJGGKNHCPDAMIEKLAAKNNDAAMGPNHJDOH,2021-12-30T00:00+09:00,true,true,1
살듯,,살듯,루나,남,카인,6,289,85443982052458,58.645,지존,https://open.api.nexon.com/static/maplestory/character/look/KOHDLKMBDPJEPMNEJOCHJPOLILGCDMHKADDDONJBKDPIMHHLCPBHKDNFFCLAJNNJACAPOOFLONMIJMDNIEPIFMBPIJCGGNICNEAIMMKIBOLLCHKDBFIPJMAAIBECOCDBKCMHHIOIPMJIGAHIAEJJJOPJDCDBNHFPPOAJKBBNHIBEJOKHHHPJCANIKCDBGOLKGMJJBBHNFKFBPFLAFDHOEMOMOFBABOAAGJBHJCLPIHPAPGOJBOAJNGFGAPIDEOHN,2023-12-21T00:00+09:00,true,true,1
실사,,실사,크로아,남,"아크메이지(불,독)",6,291,25038230307349,7.734,생글,https://open.api.nexon.com/static/maplestory/character/look/POLKFJKEKBKCCHOIECCGANMLEBHMEHJJIFACFIJAOCNHBCCMODPIKPMCOJBNLCIBEOOMDDJONDPJBCBFFCDCKDCLHOPNEGDODHIGOEHDHAPDGCDDBIJNFMJOBECMCOKNFDBNMCCEKKJHOFPOJDHILNEHIHEHPJJFMCMDHHPJPALPOIADJCEFJKOMGJFBCBLPBEHOMKPNNBPHMMNNIPPBINHCHGAFLEDMMMPGEMEPBKNOAIMOCMAJHPNBMJPMCINL,2016-05-19T00:00+09:00,true,true,1
느님,,느님,엘리시움,여,듀얼블레이더,6,292,35736230675586,10.035,피나,https://open.api.nexon.com/static/maplestory/character/look/NNGONOFHJDDELGJCLELEHJOLJNHKELCNCFPAGMFDBMBMANFMBPJHIIKIGPBBLIAOHGBGFIGFBCJKAHPHLHJAIJJPKABNGBOJKCAMOAIDLPJLBJKOIHCHJCBPAJCJBOLMCLFALEAIMHNMCBJCJAKMIMOPOJLAINEGMBKHKECNDJMDAFGODBFDMEJBGNMKJEKDPFBJODABNBFJFNLPLJOINDFAGEDHBADNBMFFKPDGDGDBKBLBAGMCCBFHFADPBMMI,2020-03-26T00:00+09:00,true,true,1
동동,,동동,엘리시움,남,듀얼블레이더,6,287,87572821339407,72.729,파티,https://open.api.nexon.com/static/maplestory/character/look/LPNDPADHKFPMHNDJDFJKGGAADAKANOOGLIHEFGILLCBOLKMNHGIGBMOBPLAGJLICKGFEPGHIACGLCKMDBPMLHELHGHCKOBNECNNEILIDAMIFAENBOEEKMPJCOCGNDJNOBAPBBBOALFOMFMIIACJLOEGBLMHLFKDIGKGBCGJMMABFEKMCKIKEOJLIPPLAMEKNNFHMDPKFGOEGBOMDBNKHBBOAKGJJAGJJMAMDLAGGKFEPMNBEEFCPOOFDFFPBGELC,2014-08-09T00:00+09:00,true,true,1
기륵,,기륵,오로라,남,아크,6,291,19488955006607,6.020,천상,https://open.api.nexon.com/static/maplestory/character/look/CGAPOFGHEHCEDNLLHKIBCLBAFPBMHPGGEOCJODPKJCFLKBOECIBGCCDIILMAGOALIFFGDMPNDELDIFAPHCHLEPEPENADJELDKELPLMNOKKIIEJIFMFBDFMGGAPEJCBKDDECHFBONJENPHINFBNCLCHANMKPNIEIGKBOCCIECBGDNDOBCGCCKLDEAECCJGBNFNOFAKPANFAGODLHHOICHBGGNNBONACAPFJOGDPFEFBCDGNNMMAOGGPKCPNOMFPMH,2022-12-23T00:00+09:00,true,true,1
AnyCall,,AnyCall,루나,여,"아크메이지(불,독)",6,293,353332181782495,90.200,지존,https://open.api.nexon.com/static/maplestory/character/look/LGADEGPDHPMFGPIOMOHOFANDALEADJLANCPLBIIFEHLAPEIDOKHGIAAJFLLLKDECJFNCKNLCNPHOKFFFPGHIJALMMNCMOJEOGGFHFAOPCFDAELEPDIGFBABBOLJCFNJOLGFHFNNHPLGAFMLEOJKJLOFJDICEANDCAAFOCANGGMKOKIBNNBKNHOLDIPBMOCKLBMELKCCHKMDHNCOKCPNJDCNPAKLIAKFKGMFJDDLEGMPEHJLOIBMDLDHBHNGMKAKG,2020-04-21T00:00+09:00,true,true,1
Fake,,Fake,베라,남,나이트워커,6,296,571042207533589,59.642,반달,https://open.api.nexon.com/static/maplestory/character/look/APHAACEMEAPNGONMMDABNMGNGALNCFLDHIGICJAPGINBILDBCONNLHGDBHPOIBPCAKIACNENHNAEIPFHGPKGGJMGOCBIMBCHLIFFONEKCEGNLGOOECAFCGNJJPGAKJBFILICGAJBOLMOLDPJJMNOEFDMKJKHJOAKEJNPHJENMBLOJIHMLAEJLGAHLEIMLEFECPALOGFKOBMFDCHNLHICIBLCEIMMIBECNJGKOMOJGFFELHFDIGNEOLOAJOBAOEHP,2015-11-20T00:00+09:00,true,true,1
채영,,채영,크로아,여,아델,6,291,119688983343244,36.971,루루,https://open.api.nexon.com/static/maplestory/character/look/OKPIBOPKKOAPJGLFFCHMBDAAIAHEIECNAAJGMMIKLJPFGLHMIPMEFCIOEGACBAHEJJENEPMFMJHNKHILFONMCGDJDMPPDJDNCIBDDHAGFGPKBMKDDKLOKIBLDLOGOPBCBEBBMIPMIILNNIEIAFGNNHICAOOCEJKDLAPMKGDHJEJOLBJMDGPLALHHEBIJLPAGJKFGLPHDKNKCNNAGEMOALEDMPFHHFKHMHFELOLOEAAKFLPNPNPGFFKBMIOFKKCNO,2020-01-16T00:00+09:00,true,true,1
캐논마서터,,캐논마서터,베라,남,캐논마스터,6,290,105599050880217,35.881,Aura,https://open.api.nexon.com/static/maplestory/character/look/OCCKJJCEHCFHJLPHDNOGGGMBONMCGGGENBOEKNNAKPKMIAFMFGGNPMAIHDMOKJHDKIKOGPMPJHKPIPGEGLDCMFEDPECBKAHMBBOBBKGCBKDKCCMPBJHMONLENDLHHBCOKBNJLPNEPFBHCOBEIGEJDMPNHOEIIBCBFLOCPNFOFEKGLMHAEKFAHENCJPOKEJOIFAECPIPNEEFHNMEJBDLFJMKPMLKNOJPCAEGIOAPDEBCLPLFLLEPBIDOHFONEOBOI,2018-04-06T00:00+09:00,true,true,1
애정딘,,애정딘,베라,남,팔라딘,6,290,166977762129347,56.736,순애,https://open.api.nexon.com/static/maplestory/character/look/ADFBPODOEDJBGPAFNOAFDKGNBBJMFHOELENNHGLANMLOGFHAGPINKMHBLBCNOKNBFPPMGOBIGKLLJJGEEHFFMPLELIHDGDNJMHMGCECIEAJOJOFFBDHLAGBMAHKLJBHGIECPENLKJDJDFJAAAKMFKEOHNKLIMHIFLNMJBDDNCNOCDNINIJHGGEEIBKECOFJBDAHJEPNIAGAPNGKIACPLOEDLLFNDOMFIEPHPBEAJBBGJHODKCCFLGFHAHOJHINAF,2017-05-23T00:00+09:00,true,true,1
탸우,,탸우,베라,남,듀얼블레이더,6,294,45279574141081,10.508,순애,https://open.api.nexon.com/static/maplestory/character/look/PIHNIKAGMPCKDJLEBDMMKDCKBJAMMOANMDJANNAKICFGKPPEDGOGICNNBJCEAPBKJGNPDNHIPCBGODJKOAAJECOAEDIDGJFEPBLBEFFHHIFCJBNOMKFIHAFPLGMOHEGPBFMPDJDNCKOOIGKDKJPEMNKIAFODGDCFOCKFLIMBFJNFNNCEDAFCAJPBIMOLOGBIDIMMLNOEPAIADABMIJANEEJALHKOIPMMCOHCIDCGAJOMDFGOLCJLPGPFBKKJEJFM,2020-03-30T00:00+09:00,true,true,1
남숍증오,,남숍증오,오로라,남,비숍,6,290,66963096158002,22.753,프리지아,https://open.api.nexon.com/static/maplestory/character/look/GFBMEKPFBEGFKGCBBNMLDJMDKPLGFNOGGLPGHEKPJNNPDIHOPGALDCIMDCHBGOHCGALDJOGNBLNDKKLCGGJBHPKFGMOOFLAGGABOGPLDJCAHHBLBDDNCGCDGHGHNOJPNHOFABPALDIIONAEHMKKEKKNIDJCCACJMLOPFLLCPLEAJPCDKPKKFLKDAEABFNPLPNIFDNBFDDJMIDKNJHBBIFEOHJEHCMIKONOHBLCLIECOMOIAFDJIGPIIMJHKLAOBG,2016-08-25T00:00+09:00,true,true,1
드래곤,,드래곤,스카니아,여,에반,6,293,55206410121618,14.093,사랑,https://open.api.nexon.com/static/maplestory/character/look/DLKCABHDGLHHNIEJBEDCADBHMJJKLGJHEPCDNDGIOAAEEKPOFDHPHKFDLGPKPNCKDENDFDOMEOEBCNCEHJHDCENACBAIPPDCIPBOJFKKKGMMNGFLIOPHBKLIFEAELGCNDPKEKNFCGCOMDLOKMAMEGNIBPLEPCHKMKCJCGHKHHAAMPILCLFFANDDOCCCBCAEMCMOMDNLPCJCEDNFLLNMHPNHCKOKJENOBOPNHONEDAHBNGAIPDPKKKJGMFCENKJCB,2016-05-18T00:00+09:00,true,true,1
음혈,,음혈,엘리시움,남,듀얼블레이더,6,287,74219753993378,61.639,갱이와,https://open.api.nexon.com/static/maplestory/character/look/ELFEIINHFDNDGBDGEJCPNPBDOADPJCBMHHGFFGNMNAGGMCIIJMOLHBNKLLBGGLJFMBKKNONEJCOJCFHEDDEOCODPHOJJPFDHPKMBLHPOHPFJAAJIKBIGKNFFGHFEGKIDPFPCBAJLABJLIIBAHMHCJAGAJLOBOEDOAJFFFIPFFBGNCCCHPAGOOLNFMICHJABBEGGCECJKIGJNOBCLDCLEKFHAJEKEHLFENOHACBKMICALBLHAHIDOGOOGGCIOKPLP,2019-05-05T00:00+09:00,true,true,1
럽서아,,럽서아,베라,여,아델,6,292,78149069197949,21.945,순애,https://open.api.nexon.com/static/maplestory/character/look/NPMLPIGOAOBILHPAKFJFIPDEKIKOGNHAAIHANHIEAHLFFNJDLBMHCNCLFIOPNFECMBEGCHIKHGPKOEFCIEPGICFPLOHNACKBLLDGECBPAIKFCHPIMMOOADAAENHLJFFPFPGPMBBGPELKFEJAGOFINBJNIOADOKHNPDKMOCAEFLLOKBOOEGFCPCKPFCMDNNJDEMPEGDHINALLPAOBMEPBLMLGFKJIOGDLKKOGHNLGGBJMOAGBNOCJIEGMPHIDJLAP,2021-02-04T00:00+09:00,true,true,1
풍선껌,,풍선껌,엘리시움,여,나이트로드,6,292,32082187724586,9.009,BOSS,https://open.api.nexon.com/static/maplestory/character/look/FIBDODCKCPABFMCJFOOOIACIGCEMOAKJBJNINBFJEMOOKBPGFNELICIHBPMGDJBPCLMNAJOAMBJDLDDPGKAJBGBAJBEHJNAJGLENLIJJAFINHGIGJCEDIKIBJOOHKIFKDODEKKFJOKHMEBEIEDICMCPMACBNJMCHLEEPCFBNDMPAJGFAHDDBEFMLDLGICAOHCNABIDKJMGEHCFGIJBANEOIKMKJJPNENMBLMDKAKMKBFGKDMBPFBCDEPADOGPNGF,2008-08-07T00:00+09:00,true,true,1
17학번,,17학번,루나,여,듀얼블레이더,6,291,240894665737434,74.411,지존,https://open.api.nexon.com/static/maplestory/character/look/CDNEFEFIPJNOKEEICIELJMDBDIIMGMHAKDFFALGAKKDAMCIAMBJLNKCPFCMFCJLLBAIHFECEGNGGLMMFEOLIBKNCEPEJMLHMCGFAHGLIJDHBNOBHGCPIECIGFDKEINMELJFKMLFDHHLKCJECPOACABNCGBODDIAMAPIEBBCFCNJEPCNOBGJNLEIPJELJIDFJGMIMLIKMLKIKKCHHGGGEODIAFJOFOPAHPBFGJBPBKGGMNCPEDPJGIDLLJNGONGEM,2019-12-23T00:00+09:00,true,true,1
무당,,무당,루나,남,섀도어,6,291,250540465073256,77.390,이브,https://open.api.nexon.com/static/maplestory/character/look/LNGIIDIIIFNJPCJOJHDBHGMPCFILBKKLFIHOGEICCMPNDNJNLHJLAOHPBKAACODNMMJLJNOGCMCCIPONGIFPHMNPMLJLLFHGFNAFKLHDIEDMIKEKHEKJPDAICEDAPCFKMLLKLCDNJIKJIAHHJGNJDOKFFPKHBOENKJACKCHKFFFBLDNLNKMOPFDJGNJBABCGPCJBMALAKIBLBAKCGAIDFJHOJHFINPPHFECKIOKDBKKNCOCNMAEOHAFAPOAFCDNN,2022-12-22T00:00+09:00,true,true,1
찬찬,,찬찬,베라,남,나이트로드,6,291,134185400078019,41.449,반달,https://open.api.nexon.com/static/maplestory/character/look/MCKOKIIALICGKIAPIBAFPLNGGMIOGJNKKCKKHOOAICOLNJFMBPMBKJKEEOCIMPHFIDNCIDBNGBJNOLPCABPEPNIOLGDJGHKGAIAPFJGNEPLPIMJDONPGLLNECEDMPAPODBFKNJLMDIMHMEPLEBIMALIAOPMAPINKNOMLCGDCPIAJNHPBJDFCOLIDIFHIPCABIDHACDPGPBBJFIJJEFHNLHNPHOGLOMOIGECEMAIGJPLFHPBMPFAPMHCPOIPMEIFM,2018-07-31T00:00+09:00,true,true,1
은웡,,은웡,크로아,남,은월,6,290,99589732490694,33.839,루루,https://open.api.nexon.com/static/maplestory/character/look/FLBBMODPABKCFLPIHBFCKMEMDBNKAAMFOEGHJOAGAEIMAMLLGDCFMICDMPNKAMDMBPLKIOPPPAMLCNOEMLJHBIHALCMPHLAIEEIHKAMNGIBJIAFBGACEDFCCINJPMNILGACCKJOBGCIOMOJOOEHCJAPPNKHMFFGGOHDHDJKPGCFKPBCHCBPEOCHAPJMLGHJGPHBFAMMPJINICPHGAMCEFMHMFHGKAIHCELOKNGOFDAANEJBAHCJOKHKBDBCLPOLL,2024-07-01T00:00+09:00,true,true,1
단념,,단념,루나,남,나이트로드,6,291,19294183603454,5.960,지존,https://open.api.nexon.com/static/maplestory/character/look/PLKNDIPIDLEJLHNAELLKMMFFCINNJLPBNALBPOEJCFHLJHOLCOJOEILDBJFFGPOANCFKMJDCFBNNJPNFCLMIMCDEFOFPCLEEOEBJFEKPHMDLBBLMIMPKMPEGMLGCJHEDMKAEBJCHFPJCHBBOHOKDHJKGKPLLDPHKLCPIKNPOKHLIGMBOAOGILEGGBGBCOPNNGNFBIMHJHPELBLCBDCNDAPHKKIHKFLABICPMNIAKBHFJFFFCOIJECPJNGMJHMIHN,2016-09-16T00:00+09:00,true,true,1
닷세,,닷세,엘리시움,남,데몬어벤져,6,291,246937991182972,76.278,디즈니,https://open.api.nexon.com/static/maplestory/character/look/HEEJEFPEEOCDKKOIENIGJBDENMBOJAJEAJADLIGABMIELCANJLENJMIIBCCMOJMDDCHGGHHGFPBJMKHMHIBCFIJDNMBCHAGGNMANNDBAFMCBEEMIFJGMGFDCBPAKAKKDNLGKDCOBCGBLHJNOKJNDAEMDKHHKPJNHBJIHHCAHNGEPFJCHHFCHGPILIPHIGDNDAFICPMGAGFEKFOBOEPJEFJCFHOKICKOLHHCGHGBFHKHNLPNDOHNMCNMJNLBFEJOO,2015-07-12T00:00+09:00,true,true,1
쿄코,,쿄코,크로아,남,나이트로드,6,292,22783430007233,6.398,말랑,https://open.api.nexon.com/static/maplestory/character/look/OHJPNEHOJLMGPJFPOIJBLNOFHNOKDKCAJLALNMICNJJJKHBLOMCGFJNFAECGFIPJAOLEMPBKCBABLIPAFNMBBJBKBIPOAPHHPNFPFFHIPCOBGIBNAJNLMBCENIIFGCAJMFBMCHJGOJNHMGGCOBEMFDEPDPFOOOLFCLBHJBLFJKODOEGCMNPEHAMADDJPKHNONNNHPKCKLBCECBDGDJLPMEOIFKKFDCIFKBFHMILLAAIJNNNGJGFOMMJGABGINDFB,2022-02-07T00:00+09:00,true,true,1
썬붕스,,썬붕스,루나,남,"아크메이지(썬,콜)",6,291,193455105176321,59.757,스타,https://open.api.nexon.com/static/maplestory/character/look/EDNKLOCJEGEEOJIAMAJNCLGJKPHJKEAJGCLFGEJJFKLCJKLFENBALMNOOMODNLLIDNFOIKFGDBLHIAJKAKKCCEJFIMMMKIDMDANOBCPGMKOJLNFINCEEBDNFEAHOGAOHLNMPOICAILGKHFENENFCGCAHEHEGENLIKBIEDGNBDKCICDOFBKGHHKAKEIFAINFIGKPKFCJMMDNGKBJHLGKMINKHDFIGCJKJEKFJANLCAIJFIGNCEHJFEODIIHKCKLJA,2018-06-21T00:00+09:00,true,true,1
유격,,유격,스카니아,남,나이트로드,6,292,122823678647365,34.490,리더,https://open.api.nexon.com/static/maplestory/character/look/IGMNBGPJNKKGIBAJEMDEHKMBINJACEBAJDMHCLPGEIECHELBOKFNJGEMHKHPOMAFHDJJCEHPNPIOGLLDMDGGBAGJGNLABEKIJEAKFMFJMPIKFPACGIOODKFAAKIBOKAPKACKGJBBMOMGELLMGAKMGIEIIMKJLPDLBOMCNJEMIPNFBKLEOLGCGFIBHPIJJCMJBNIOOKMOBLBPOOOICFEDDKOBPOPDKIGNLPCABJBMNFLJIIMBGEPGBJIHBANGBGEN,2015-09-05T00:00+09:00,true,true,1
아키마,,아키마,크로아,남,나이트로드,6,290,268392535427149,91.195,분홍콩,https://open.api.nexon.com/static/maplestory/character/look/IMJIJHDOKLGKIDKCKFKGKLNJPJBGOMPPNHIOGBGDHPOAPMOEDGCCGDFIJCGPNFLHAPOIHLMIAEGALPELJPPPIAOPEPHILBLMKOHLIOLGCHAFKINCOGNOMNAAODEADPMIHIMJGBKOBGMGIGCDBHCNJJIDLJBAOHJCGIAPKJBOKKBKDANAFCGGBIJGCJLOBEMPDGDAPLLJPIEONEELBHHPOEACHKIDDJADCKODBNKEOGDCJHBJPEMOCBODEGDDGDMN,2019-12-13T00:00+09:00,true,true,1
로저,,로저,스카니아,남,듀얼블레이더,6,291,203970734196413,63.005,마왕,https://open.api.nexon.com/static/maplestory/character/look/OHAFDPCECJKPMOFOENGEPGNNDJDAEBHAANKCIMLCBEJFIAHLFPGMALFNKNAFINCKOLJDHGPAHFAKFFENPCCGHNHAALJELLBGLCOOFLEFOLLGJKCPNNNHPJKMADHLFPFMJEFEDDAAMPEJEGDGCFCAELHLECFPBEFCOLIHECGJKIFLOAFMHDIKNHIGKECANNFAJNNNMOILELJFNIMBDIIKOMPGGILBNJMDLIGOIGDIKKHHFNNEGKCFNBJGCNIGPPNG,2019-06-20T00:00+09:00,true,true,1
독팔,,독팔,크로아,여,"아크메이지(불,독)",6,292,193679931952819,54.388,생글,https://open.api.nexon.com/static/maplestory/character/look/DPJCEJMEFIKLDMJKGABGPBGEFIFIGBMCOHACMJMJEPPGBEEICFCIHHMFHLKEAMDFPIOKNLLJAGFGEMIGHFDLJIHOHFIBMBIKOFJNHIKMMLIHKICLNFIPNFFKCHJBPNFGPMPLNLKEEDCPIONBFGIHIMJICGFCHIOJONPLJJPHHNNODFCFFMKBLJGKAGMAMNKIEIHALGDGGGNAEBLGGGGBNADMHDAAHKNMOCOFKFHGOIEOHGPBEAPJALMEJIBJONLK,2016-08-25T00:00+09:00,true,true,1
우빙,,우빙,스카니아,남,데몬어벤져,6,295,366874180408045,42.150,사랑,https://open.api.nexon.com/static/maplestory/character/look/EECMDFKDHHLMGGJBECKBDGEADFFJBIPIJPEKINJEBBPGEDAFJEJIOHDFMMGEEIFHNJFPPHBNFNGGHBPFCOHBENLHPHBEENINMNCGNMNMEANOLKKIDFFBFOJINNJODJONIEJIFNBBINGDJHOMLIBMPKGCOGLHODNMBBFDKPOENPKPONNAGBBLGGEAIAELKBNLNEDHMAPFMPCHBCOJPELLIJICHJACAKKMPCIHDPKCGKLKGLJODDKKFCJMDHMOLOOH,2018-06-12T00:00+09:00,true,true,1
화잇,,화잇,크로아,여,다크나이트,6,292,258310458978573,72.537,말랑,https://open.api.nexon.com/static/maplestory/character/look/AFKECBGLALIDNAHIIBHJGBEOGJOFCEOHDMOKKCOMAEFFIAHCNGCFGHMLKPDIAAMLGPOLELBLDIFHALCLBAEFECEDFLJJGALCBGJLLGMDHMCCBNAEDIHOJHAEEGLKJJLGOGNADDLMIMINOHDBGKFJHMLOBMEOIHGOCELBJJNNBMHFGOCIMHAOFGFIAMANDAOMCHOBMHAAKHHHMGKCAAMODKMJKEFBJDFIOLCJLOADDJGEDIKFEIOLCBCBEOMENOLC,2016-07-24T00:00+09:00,true,true,1
에스,,에스,엘리시움,여,소울마스터,6,292,345226485433693,96.944,엘리시움,https://open.api.nexon.com/static/maplestory/character/look/NMFJDGINFKAGELODJOOFMNIOIENHMLLDPIKEMBHENHPPFKJPIDIPIHGIJNIHOGECBMIAGIEHIFHLENFENCCJPDCNNDFMIEHNLGPAMAHCFHDDLPDBIEAABJJLBAAPFDJNJDGPHFFEDKPLFCBDKJPNCFHJJPLDIOBNAEOMPLBFMLCJHANGNJCLEBOCCBPEFONKEOFJEPJOODNCGGKIGHNNFHDGEHODJJJDJEKCKHAFGEBBNADNFDAFFIDMJMDCDCDK,2022-07-23T00:00+09:00,true,true,1
수정산달팽이,,수정산달팽이,스카니아,남,듀얼블레이더,6,290,26785705388614,9.101,시그니처,https://open.api.nexon.com/static/maplestory/character/look/JGICBDDPHLMLLIICAPIGPCDCLDLDBNFEBIECFMFBAJPHGJCCFDMMCIGMIFJPJCDNDAAAPKPIKLOOFLMDOMLNHMBGFIEKFALAOKFPPJDAICGBJHPAJCHJPHGOBGOGICAHJDGBLMGIHOJBGLCNDDCKHGOFPEDKLAJLHFHDHFKPIHPBNFOGFHIHLDLFDGKMPPOHMENGDLIMFJEFPBPDEDFHKPJPDIICGGKIBDJNGHAGMIGOICOANFPALHJHCLPKAACD,2023-06-15T00:00+09:00,true,true,1
공야,,공야,유니온,여,아델,6,292,67735295483790,19.021,대포,https://open.api.nexon.com/static/maplestory/character/look/LJKPOLFPLPNOIAFLPNOOFOIBJEDBKPELHKJLFFDPJNBGNDGOMNODACNJFDBNJEALFMKPNMHLJMDNAPLDDPNCEEBKHJBIFBBHECPJJPHOFIJEELIDCJKJMCPOMECJCOJOIEKOGOKJFNDHOHGCDKIKPOKNACIOCDHCBDJAPDHCEMCALOFKGKAGEILMMOAEGNIKGDOBCLHLHDOOPLOGECNJHELOAGJKECJHDMACANJGLFMAOJPOABMIKFBELECBCFFG,2022-01-08T00:00+09:00,true,true,1
묘롱,,묘롱,엘리시움,여,윈드브레이커,6,290,237955392450080,80.853,디즈니,https://open.api.nexon.com/static/maplestory/character/look/ABEGPKBFEOOLEIIHNJOAKCKLMGHLBNAMIIGOLDDLHLMMJCCKBNODJKCOGPFPDIBCPODGFHDGJMCIHJHCPBIMFPOKGLCCHNJBOFAFHALCALHMHJDDIIONCGOONANAEFHPDFDEEKEPFCGGANCPOKIBNHHNJEFHHFABONBLGMMCGBONDPDACHOLMCHHGMOAAIMEFAHEAFPMFGPNAJGPBNMHHGJCMHGPAOKJIOBAMGINLGIMHEJKHOMHHPNOCNIHIIDF,2013-02-22T00:00+09:00,true,true,1
드립,,드립,크로아,여,"아크메이지(불,독)",6,294,189963879153418,44.086,루루,https://open.api.nexon.com/static/maplestory/character/look/MOINKNCOKIKANMOKPLLIILFOELDFOAKBJIEJJBABAGFJMAJLPMLKFDIMELMDEPLLJKEEBMLCBCGAFNMILAIKEOMJBJEKBFIPMNHGNFJIKLFBNEPNENGJPEFJAFECDLALHHAIFGOAIEDFAMDPCEOGLHOKCMGNPNDJCONGICHKKBOFCMEPPNEOPEFHMCCNFMKPLKLOALNLJKAPDBPAJNPCGMLDJCDHBCLBHEKDLKELNCNKIKMBJKJKEKPLOHOOMGPF,2015-08-23T00:00+09:00,true,true,1
발림,,발림,루나,여,팔라딘,6,290,52187869641981,17.733,스타,https://open.api.nexon.com/static/maplestory/character/look/MECNBIGAAPJCINJCNKLLCCGENNCCIDKLEGKMEJAEMPLIDGCAHGLPJNCHAIAMJJKKFANDDLPINJDFCNMMBHKCCCIMHFJBPGPPKDPKOFBMCAGIHPCFDLDPIMGEMFJMIEJCHDNAMHAKHMPFLAOKPBDOCMPPDOOCGDNLLJHIIKLCNIFKMLCEDGANONHBBFBBALBEJBFJKIGOPCDGGAGLDDJEMNPMEPOPMEHKMHDKJDOHMHBEPLMKPKICBHDGJIGIEMPN,2022-08-24T00:00+09:00,true,true,1
해저,,해저,크로아,남,호영,6,295,50909916429359,5.849,사해,https://open.api.nexon.com/static/maplestory/character/look/EEHDPIPEFJKOCIDEHJPAEAIFFEDIMDJPPNMMNEDPJKCKHDCMOOKCOGPEINPMGMKDADONLALBPCICMHNBOFIJAIPGILHAKJDFHCJAKKFHJEFDJKKMCOFGIGKHBNLJNEJJOOMJCACCGNELACOCANNEDNHPFKMJAOJCPCBKEDJCKEODAFMGOHAOIMHMGIMDHLBDHNNPMNHHJLKJAPLNBNMPDPFFPBJGMFMALJHAPECPGDAFEBLLOBOIBCJBKKOIJDEA,2019-07-20T00:00+09:00,true,true,1
낭만,,낭만,스카니아,남,스트라이커,6,293,52079231229559,13.295,사랑,https://open.api.nexon.com/static/maplestory/character/look/CIPICFHGPCAGPLANLDCLMABCLBIJNDLAMAHIPNIDOPLLIHPAAPIPPDLNBAJFNGLGOCDCAHCAANOFAPDBFIJKDHEMAJFPHBGIPBNAMJLHLIDOCAHDDFFEDKMOLIAIKADJOKGMDIMFELGNGEGNHNJHLHNBJJAFLCAJGIKMHDDNKIGIPEMPNNLKNFCOBMDPFDMBFGOHLDOEHFCDGJMCKJFFBGEAEEFHFEMDECHHLBOOEMDMFCBFBBDLNLMDGGGGJJCA,2019-06-23T00:00+09:00,true,true,1
단돈,,단돈,크로아,남,팬텀,6,290,244809671824395,83.182,루루,https://open.api.nexon.com/static/maplestory/character/look/LOIHAHILDKKKEAKDFBJGFPHMDADEMILFEKJCAGPEDJOGHJPIMAJCFPMACPMJHBMOBBLOLMFDFPPPPHLLIEKDBHENIKOFGCDMGPALIEKJBCDGEMFOIIINFCOCGEFICJIPBFNIJCHDDJGEBGLGMLGIHHKFHDDDCGAJMBPAEEPGMDFPAOLCBMMJDKGFLLKCNHGODHIIIPFGEAACIEAOKJIHNCLCOMJACEMGGGHFONLEDKFPAFJKFKMANBGCABOCDLND,2011-12-31T00:00+09:00,true,true,1
1991,,1991,베라,남,소울마스터,6,290,14535707417685,4.939,순애,https://open.api.nexon.com/static/maplestory/character/look/KDGKBKHPJMBGEFPELAANONBOAJFFDFPBBNDJBDBFBKEPDBEHLIEDANAJPEMMHBDLJHHMOGNHPKPKAPAJLEANGBDDDMPPFAHGBOINKGEIFCKPNEHOLKPIINJACIAEICGGPOIFJLBFDFCBHAEBCNDNIDJJHGMBCKGGBNJFJDAJIOMIENNIAFBOMLKAMIFGIHAMBKIFJALCLPINMPDOJGBAKBGJJBAAFINOLCNDHOKMHJGCJDALPOKHDDKEFIOEGHMH,2023-07-14T00:00+09:00,true,true,1
비류,,비류,스카니아,남,플레임위자드,6,295,499115879933036,57.343,사랑,https://open.api.nexon.com/static/maplestory/character/look/KKACNIHCNCEKCHIHJCIBHHDEIBKDMIBDOMJPNHLNDLHCKHAGEPKNAHIBKNJNIGIIPCGPHFCJBNLILELPIKEHABLIOEPLMOIDAMMGIEKHBMNPBHNNHBMFHBNNDNKBCCOKOKKKAIHLDGHBDDHDMKJGENGBGAHNEJIOMPOOPCCJMKLGEFFDPHHMHPJODKDKODHPKFNFNNLAEJPIEHLEGFJCAAKDOGPEDDNHGCGDMJGKPCANJCDFOAGNGIJDGPEJOELF,2018-02-02T00:00+09:00,true,true,1
비서관,,비서관,엘리시움,여,소울마스터,6,294,43019745535835,9.984,바람,https://open.api.nexon.com/static/maplestory/character/look/MGDPMEENOLHFJPEKLAMAGGGLIJKBPFOJGOPMCNNDGPIOJEKAJFNLFENOIKHPDGPMGBFINPCNEEAPGAFCDLOPBDKDMKEAJEBDMOPDOFJIINJEANJCGMNAMDAMGGMEKFEGAICPEAKMIFEGEPCMKFDAAFLNMBODLCIEIAPILLKAANAKBBHMCFJCDJHEMDAOENEFCPNKPHMFKJBHGKIBNMONJKKLPBLFPDBGOHDMEDPMHFIADLOBJLCLENFBOKGBGHPH,2017-07-06T00:00+09:00,true,true,1
J미누,,J미누,크로아,여,아란,6,291,121054100230174,37.393,지존,https://open.api.nexon.com/static/maplestory/character/look/NAGECOEEOFMOELMNLLEBIHPHMGBGILCFOKMBEAJJKMAMEIFDCNHFGJPAEHOIPCLFBNPBIKMNJCBKJOILOMOBGHHPOCDLGJOCBJHMECECPNPCAIGOLBNKELHJNJPDFKCCGJIOOKKMGKGOCIIGPAJHFEJHADGFAEPFAHDMPAGDJNPNPDLHDPHONBGBMHHENBIJHFBAHDMNIJDIBLLAIMINPHHCEOHMJMHHPJBJAKPPCAJBIJEIMIGIJNAMOCNJIBKI,2015-11-13T00:00+09:00,true,true,1
경찰,,경찰,스카니아,남,나이트워커,6,290,28839832616284,9.799,리더,https://open.api.nexon.com/static/maplestory/character/look/CFMJDLIAGNLFEFOAOIFDPJAGEEAJLKCNLFDGOCFLLFKBJGJOEKCEPFHHLIFEDHAMEACCODAMNFDDHDNPOICHAKHGPHLPKCABOABEDDBGOHDDMPPEFHJJDAOLADFOAJIBKGGKMCCPKNMKLDIIDBDDOBBBNKJFBOFOHCAIAPGCGGMJAEAAIIGCGEOMKGKOBNJMPIBAEDHAKCFCDOBBBHDMLFADHHGCMLKIEJGPLONOIMIEKFAIBIHFNBCGIMCLMMHI,2023-11-26T00:00+09:00,true,true,1
첫체험,,첫체험,크로아,여,아란,6,290,165571562071717,56.258,음파,https://open.api.nexon.com/static/maplestory/character/look/HDDAGHBBPMPGBGODPBLIKBNAJLDOHOOELEPCEBPKHCFPDMNHACJGIADFAGCIDDEDLKBDNJNJHKLHBKNIFBAEJCNBBKMMPDNBHDBBPODBLMBFHEKEDGFJFNHHHNKHIGADANEMHEMCEDNEPMLAMKFDPPKHLFMMFPJCJFNPANNPDNKNDPIKMJGBKIGJIILFMILDJCIBMPEMCHKFCPCOLEOOKKLPLKAKOOPABFOKPAOKGHMAMBPDANAEFOBOICJMFEMJ,2023-07-17T00:00+09:00,true,true,1
카벨,,카벨,루나,남,데몬슬레이어,6,291,41313708841867,12.762,욘석들,https://open.api.nexon.com/static/maplestory/character/look/MLMCPMLDFFDMFJONFJOABBABFCOHNNLIFDPDMAFDHKBPPGACFFFGCDDJEOMAFKNICPAJBHOFMKJEGAGEOHIHLMIKJELNHNOOJFDFNPEIDOMOBAKIEMKHBDDEKLCIPOALPDDCBEJLBLDNMFOPFKJJPHKNFIELCDCMNENCJOHMDFOENODDNPLKCLFKHLKKNDKNKBAFDBIOJGHBOJOFDJLCNLOMCCHPBNNCMBHBKHDKJELFDNPPHCCOKBOOINMLCJIF,2014-01-20T00:00+09:00,true,true,1
땡이,,땡이,루나,여,루미너스,6,294,226316042221111,52.523,지존,https://open.api.nexon.com/static/maplestory/character/look/CBAALLKNDLCMFGIJONILBOKDCNCOKHJFJLCHPFNKAEHAKFAIKACLBLKBHCFOIEJJIEHGLLLCIKICNNKBIFHHFHMDJIFCAGALEFKGLNNOKPJLHEHBMIMCMMPAHDAPLJNHCCKDAIAJKCBLDJOIIEHKIEJNAABJANILFLLJJANONPKAEKPNFLPJMLHOOABFMKHGKMLNNNADHAHPENMPIENDGICFJMIPNJMIPGKFNOIJCIKCCFIEEIJNKGADINGLIGPF,2012-07-14T00:00+09:00,true,true,1
달꿈,,달꿈,스카니아,여,은월,6,292,101201153460149,28.419,찍찍,https://open.api.nexon.com/static/maplestory/character/look/KHGBAEDGLJJLAMLDMHNLANLLECOJBPJKBNNKCJEONGJIEJMNGCCIAHNHDHFILNCMPHAELEDPBMLHKGOAFDEKGADHOLGKBCHMEHHFAKPCIGCAJLJFGOAEGFCBDNMFHKIHHACLDCGOKMDBHOONBDILOAHNEIFGPBJMFKBKKFJBLHKEFBHIGEONLKEAGLKHOICGHELKMGKINANOENEDNGHIPKLEEJPLMOHOCGNNMACKMCDHODBHACKJMICNOLDCEMEO,2017-01-05T00:00+09:00,true,true,1
양원동,,양원동,루나,남,제논,6,290,138426741353345,47.035,욘석들,https://open.api.nexon.com/static/maplestory/character/look/PLILGPAHOKDFJKFOMKKNCKDLBKMLBBLNHKBHMAMKDCDMKHBHPADAGDNHEPHOKLEDOEOGNFKKMKJGNBPFNBFEJKJEECJGIKNNMKFGJMLCGPBEDHPLGOJJOFALFJBPKHJFNAPDGOLDPNFODGILIFJIBILMNNHMMHKMDDPNGBBILOKMBEEGDLEAOOGMPMBMLJJDKKIAKCGOLGEGFJOBMDGBKCFEODILKFCMNJMEFDLDPJIKIEPLGKOBKDEAFOPKKBNI,2013-01-03T00:00+09:00,true,true,1
휴덕,,휴덕,베라,여,다크나이트,6,290,59422588433719,20.191,푸딩,https://open.api.nexon.com/static/maplestory/character/look/GDCNIALEPMKAKLDGAABJJCEPDPMBAGPIOKDBGHLHKIOPECMCKJHAOIPLEDAKLEAJCBHHGNKANNMCIGLMPIGCLDOHPBDAGJPPKNNGPMJHPILEKDBDALFEDJAFEOGHKKIKBLIOFJHPDCALHPJKPCPKLHJDPNIOBNHMKJCKCECBFHEJFNFIACNHOIKOPDIKOKHIIAJKHAAOEPCPFLOFFOFJOAEBJACFPDGKCPBNGNJPCOJKILKKJNCAEHKALDJMONDK,2015-10-24T00:00+09:00,true,true,1
인크카,,인크카,엘리시움,남,카인,6,297,671083808927180,63.719,Windy,https://open.api.nexon.com/static/maplestory/character/look/MMDLENOHEKMCPHMLEIDJMAMLDABCGEEJHGBCAGHMNJBBLJNBHNEHGBCGKDOAPMAMCDIIEIFMAGBKGEBDDMNEKDHHPKMNBNIGMOKPAFAENDHKOAHDAJAKPOJHBDOAOEGAJDHGHNKGIPDHNJBDPJJGPJMPHDLNBJKNBPOCPPMGCMCFNIIKOPMBDNAENGOKDKDEMJHDDDMPFBKCFAEMJIDPKIJPABFEBPHMKPLHGCGNCPDEGAFNAPKJONLFBNPHEAGE,2021-01-07T00:00+09:00,true,true,1
초꼬,,초꼬,크로아,여,나이트로드,6,292,161033420909308,45.220,악몽,https://open.api.nexon.com/static/maplestory/character/look/JDHBOGPEEPNPOECFPEGNCOCKLINCAANPILNPLLOIHFOOFGEIDCHKGIPEODCAMLLNIKFNJKEIIJHFMNHALCOFGPFGALKHFNPKOKOLLAFLGLFPLBIPAFNHJALGNKEDJCIJLMOFGMGBMBOCFLOIKGJHLBLMIOBMPENGIONCLEAOGEDJKNDHKDBNOGMOMFHHOAMHLHPIILDNLONKILFGFLIACADBDOEEMBAMDANGEGPLCGDLMGOEHDHHOJDBEHBKAHNJ,2018-07-03T00:00+09:00,true,true,1
Mushroom,,Mushroom,엘리시움,남,듀얼블레이더,6,290,11878410223173,4.036,꺄아악,https://open.api.nexon.com/static/maplestory/character/look/OKJEJEBCOGGHGEAADNPGCFHCJHJEJIPFCPNAHGHLMECAOHHDICAGCMBJBOJONBMJIKPAEIKGCEFPJDHGANOALKGKKNAEAAJJOPACFIELJCFOABPCJLMEKIECIDAMMKAMNEDJLANAGDAHCIMNMOLFCGHAENBJDIHIIKPGNCAIHNFAGKLGKCHONPPMNNPGNDKABGEAGDLFBGFBNKGBDDFJHKFOGCJLGHAJNLPDCBGKMAAOPJHECPIBNDHLHDDDHCPE,2016-03-09T00:00+09:00,true,true,1
봄미,,봄미,루나,여,데몬어벤져,6,287,114072235407006,94.737,도치,https://open.api.nexon.com/static/maplestory/character/look/GCACIKJIGHAFMKGBPDGEIJMENEMCHIJHAJLKBPDONBJMLMLCHPGCNGLLJNBLGBNACBDLJGHNBBGBDHBCPIEIFCFAGEBJHCOIHGEABLFPGBOKNGEFAOACLOBNKMOPKCFIGFOEKLANCDNDIKELAEDIEGPCEPIIOMHNPENDECJMINKAFCMNDCGDJAIGMCMAPIJACLJDKLADJCPLNLDBJNKIKHPBLOLENAIPNEBADLHJMCFFPBKCEBKPLFEJBDOCJHGB,2024-12-19T00:00+09:00,true,true,1
대세지,,대세지,루나,남,데몬어벤져,6,291,55062357195133,17.008,Cross,https://open.api.nexon.com/static/maplestory/character/look/MGIMGKCHMAJMCMMALIAINHBMFGKMEOMDFLCMDKAPGLNEAFBBDGOFBNNMMHILEEJDLGOOEHIJHNMBNNKMMMAAADKFGANGGIGJJECDEIGOFBEOGPNCILOAMCBGEHCKKOAAMFBFCMBFMBOGFEPNIEBCBLDFKPEAEJKKKPOPEOAIPKMHENKGKKHBGHLAIMEEEHJEEBJJAJKJPKHHDMDPMNFOHEMENBAOKAJIKFEFLBCOGNBDLGBIBDHAAJCAKJFNBOKD,2019-08-25T00:00+09:00,true,true,1
왕자림,,왕자림,루나,여,메르세데스,6,289,82411687130740,56.564,이브,https://open.api.nexon.com/static/maplestory/character/look/GBOJNJGJHKCAJJLGJLIDOOCMKEKELJHAPFAPDBAFHJLOEIFJAFIMIIGJACCPJGFLGCFMBIHCJKJHBNJKHCLKBEBGLJLNOGGEFOOHCLABCJOJKKOHKJGAGJEBLMMBBNBHAAMEMNHBDKGAOCKKOIINKHDJIINLNPNDONJONFKKLJKPCEEPPIFIJFOKNGAANOKGDBDOBNKKABEEEHLNKELCNDNJDFCPLFGPJJKBBKFCBEHLGGGKKKPNOMHCLDBFIJJO,2024-07-14T00:00+09:00,true,true,1
광죠,,광죠,크로아,남,듀얼블레이더,6,295,91226909611439,10.481,지존,https://open.api.nexon.com/static/maplestory/character/look/NLNCIPKOCBFGJKLFJDPBDMALKDLOOIENLEGFBDIMLNJNFFHENFCJMCAJHEJGIENOHDFGIFJAJKHEPMECPIHBFIKFAJKMLDAKJDFEAIDDLJBDJINDIDCNFAKGDNLDGNOJDHJOBFFPEKEMLOLJLNPDELAKCOALCAGOAMAFOHNKKBOJACJCJLDHIALDLIILOMAOPGJOKFGPGNPCGCLPNEBKEJCFBJPAGJDKGIOJLJLCJHGKDIDGMEHIGGFBPNIPDHKJ,2016-12-07T00:00+09:00,true,true,1
TAYO,,TAYO,스카니아,여,비숍,6,293,135247944754350,34.527,악마,https://open.api.nexon.com/static/maplestory/character/look/DFKCJAOKADGKPCLKGNKALIBPBJJJJDNNDNOPGBFDBPDMJOJPOKDEPDLANGKPIEIGMNAFPPKLHIKJJKGBPGLJPFFCLBODAHAOMGFACCBONJPFIDFIHIPDCLPAHNLFHANOADMGALEPGPLGOOINDKOFKAJMDIPJLCJLKNFNNIOBHGIJAECADFFKLAGEICGLPBABKFJBPBAINBMJANNFEGFMPJLPFHPJGGCOIOMGHCAHDGFMLAHBHBHEEEGHBEDLJOCD,2023-07-19T00:00+09:00,true,true,1
남준,,남준,베라,남,제논,6,295,870129218704543,99.969,Class,https://open.api.nexon.com/static/maplestory/character/look/GEBOPNBIPKJFMGGMEBNPIALAOAJNDHOAPLDJKPDOLHNFBLCMAHFBHHCDDHLDFEFNBBMOCCLCBAHHAKIMNIIGNCGNLCFENFECHDLHDHIJDCLLAOPNNDFGDMFLGMKOHCHOEOPHDNCIPLJKOHEODEJFBNIOOHMOIJOBMEEDNJMPJMDJCFFKBLFECJFAAHIIIOEFIIBHJBBNKBCFLLJKJMHLLOCBHMEFKIFFLJACNNMBLHPIKNDIEFHGCPPNIANJBKON,2013-01-06T00:00+09:00,true,true,1
오사카,,오사카,스카니아,남,아델,6,293,264656345030216,67.563,사랑,https://open.api.nexon.com/static/maplestory/character/look/DHHGLFBPONKFMMELGLNLGLGPEENMIFBGNODIDPIFDKLNDGKNJDGPLACAGLEJMBFDCHHGGDEOEMDMBDODCMMFGFEEGHPJHPPEFLDHDMECALDINPCHPMFAJGDDMEOHBHLEOJJMBGCMNEKGLLOHILOCPCDEKCOEGOCEDLAFJDHAMLMGHBOBINNGAAPBCOAGNGPFMDAIHBFILMDADBJHLKKOJLJOANEGNLNPELCKKPFGOKIBEMELFMAPBKAHCPDPBLON,2023-03-17T00:00+09:00,true,true,1
청묘,,청묘,엘리시움,남,칼리,6,293,189617394608299,48.406,악동,https://open.api.nexon.com/static/maplestory/character/look/AEMGEINKOIJKMFHDGLOOBHKMEAMELBOEEHOHELMKMEPMLOKNEEOPNDCENLLJEGEIKEDHNKLKMEALIKCPFJLEONLAGHAGFAGOOFHCPINMADEJKNHKMHDMFKIOOEGPFCMDLCPMDDOFNNOKCGKAIKIEOHGDKJBEIEEDEJHNDCOBPKAFJABKMKKIGHNDGLIJHPAKOCPNCLEMEIFJCCPFOIFOIMILPPFPBEFADCOKBAPHCDCJELCICPKOOBBDJLPFKBHG,2023-01-19T00:00+09:00,true,true,1
우냐,,우냐,스카니아,여,나이트로드,6,290,237672231902419,80.757,망고,https://open.api.nexon.com/static/maplestory/character/look/AMOGNNOJGOCHOBNGBPNFDNEJILOAFBOEDJKGLOHBLELJENGCICHMBDIBEKCBKGBFHPNFANFPHDFNIKBAPBCNILEBAEDIAPFFHOHKLAMEOBIPFKMLICHJGHNAPBJAHBIJDBOCKNELCDJBGFBCFPLDKNBIDEKDCOHHMPNCGNAHGCMLILHHFFDDCFHHGGBHDJNHKIKCBDEIJLGENFKOKOGIAKLMJIJCLPNMCPJAIAKFOJNCBNDHFIPJGCFBGDMOKBOF,2021-02-26T00:00+09:00,true,true,1
태핑,,태핑,크로아,남,"아크메이지(썬,콜)",6,290,168828916694229,57.365,꼬마,https://open.api.nexon.com/static/maplestory/character/look/APMPOIONBHINPCINGJKHOLMPCNNIGBJEOAMHOKMCAAGMBIPEJJGIALAJIOGBLIKNPNOPGJLJOJLPBFKIDNOJMEBIKJKAAOPDPJPBELBPCFDDOJBDEPDOPCGEGEDPEPFFOBNMEMOAJNEKCLGMBGGMBKACBCAPNKCDMKMDHDMMHCJNDMAEOBNAAMJJHCEIEAOEEPKLNILGEOIFDFLCNGDICBNMFIPEMNJKINIFFKMJHJACNKBPCGJPHIKMNJFCKBAH,2012-01-14T00:00+09:00,true,true,1
양파농부,,양파농부,스카니아,남,듀얼블레이더,6,290,57007328717335,19.370,사랑,https://open.api.nexon.com/static/maplestory/character/look/HMLIDAFCMHIDHFCPNALOGLOKKENPKJOHGCHJPFKMPOEMNCIAJNEEIKJGDLFFFEIEPFDCFLLFPDGHOKGJPLCHKICFEMOOJPPAFIMGJCMDCIOGOFAJKONILMFCPACOOCKMICEPFDDHLLBFAOPOKPOEFJDELNOHINDHCBCDFKCJPGLLDGNDHOCDCCGOIAEBNJCIHILPACFGKDLBGGPJAJNFGKFPOMHDOAGCBGHBAPBNGJBKIKHKFKEOHOKCEAHAHGND,2015-11-18T00:00+09:00,true,true,1
썰곰,,썰곰,스카니아,여,윈드브레이커,6,293,149549069423826,38.177,사랑,https://open.api.nexon.com/static/maplestory/character/look/NBEONFECNEKCGOMBEIGKAJONABOBNOEGJCFBACPNAJHIJJNAFIBOMGBEIGGDOFJMHHKJFPNNBEAOLIEEPECBEFBAIKNLBFMMMPGGLNOKPGKNJKPEFFOGIIKHHPNFGFFGPODCIKNBJJJKALGFJIFCMDCCDPCEMPHEAJIIGDDNLLOAEFIDNHEAJBPJKPLBAPJDKPKDGGMEPBNDIAIGJGOFFEKJDKJMHIIOIMJDCJCKFOAMHHOJDGGHHGJCNICMMCLH,2017-01-11T00:00+09:00,true,true,1
류승벙,,류승벙,베라,남,히어로,6,290,69767965762230,23.706,순애,https://open.api.nexon.com/static/maplestory/character/look/GBLACAIAJCGBOPCCKNFAKEHOHLGOIGCCINLBDIEIPDFCOOKCEAOHFBHBDKJDAICGAEBCANDPEDABKDHNOGDHIENNIDIKLNFHFLIIANIMJPPICPPAIDOMKIFONMGCOKDLELKLLBLIFCBMJFDKDCCEALDKMPNIHMFFHEELJOOIOEIKGLFNOALOOIAICMABPDDPNDMDJIIEIABNGLDPANIJNFCDECCLEMOBKMODHBFEFNPHEHBHGNDHOOBCAFOELPNE,2009-09-24T00:00+09:00,true,true,1
유산슬,,유산슬,루나,여,듀얼블레이더,6,290,69950351548996,23.768,스타,https://open.api.nexon.com/static/maplestory/character/look/CGHEPFLBKLDHEEKJHMDMBADCIDLOIGLCHJKBANOOBFDCHCCMICHNKDOMCPBMLBDFDONLJJEDDEBNHOPOHLHAKAIEAHOIGPDGMDKNDDCBDCMCBELBBIJLECCHFLGOGDIGJEIGNNNELBACJBOJKPMHCHJFOABBDKKIKDCEIOFNCIKKAFBMJMBGGFNODHJPLHBGOCIHCGKEMNLEMDNFNEKENMCJKEAAEFIEPLLLHGJOOCEAIEOKCIKBDBIOGEDODCPK,2018-12-27T00:00+09:00,true,true,1
보우,,보우,루나,여,패스파인더,6,290,110736087661534,37.626,스타,https://open.api.nexon.com/static/maplestory/character/look/MIIOPLBIFPNNGIBEOJLCPNLJPCDPJAELDEFICFEPMODGBELCCCOIEGEDGBANGHJEAOCPAMDCFODOLFKHAKFBLEDEDNNCMDMKEPKJNBNGDPCEDIBDBKJKAIBOBPJIHHEDNMCNEMKNCJBCCCEDJKIEFCILAFGNJILKLINFAEEJIENEILPJOFMHOLBOHAGDADIOAKOEHLELLHBHNHLOCHOCPPACPMAMDNBAKNNOKCPFONDCPOIJJJHMFEKDFFHMDCCB,2020-02-13T00:00+09:00,true,true,1
탑쑨,,탑쑨,엘리시움,남,제논,6,295,525930793749074,60.424,BOSS,https://open.api.nexon.com/static/maplestory/character/look/IHIBMBOGNAAAPAOJHGLHMAELLGKBJEJELIHLGPMFJOHMEPGJLDAAEGDKGLIEIOICOMACENJDMCKNKMLJFIDJOLPMEFJNNBOGDLLFGCCPNCLEAKEFIFBMCODBCEGONCOIDMOOBOOLPGMFDECMJECNMAHGJGADIAAJOIGINAHFMFJLLJFIFCNPMCEKHIBKBNKHNLLIMIKKHMFGACEKOOPLECIEPIMLBPIJMDFPEOCJKKKBBOEPDHMDJJDFIKPGAGJH,2013-01-03T00:00+09:00,true,true,1
꿀타래,,꿀타래,베라,남,나이트로드,6,285,68672757408527,69.009,손짓,https://open.api.nexon.com/static/maplestory/character/look/BHEDBGMOGHGPMKIJBJFKCMBMPPNLJLAFNGKBLNNKJBPJPGEADPLJMAMKAMADECMPNCLKENBNPLCFMNKOPEEPFCEIEBHOCDCPPDHBMPPEJDDILEPEIBEPGMAODFAMEKHOAOAKKFEPNONAPCHBHBDADLPCJNJJNICADBEBNCOGFNHKMGPOHCILLGEBOLJEJDAMDJABDNGMGBOAOEANJAEBLKGPCHDOAJEAEGPMFPBFHCIGDPPBJDEGEHOONNMCJKPM,2023-08-12T00:00+09:00,true,true,1
주지털,,주지털,스카니아,남,아델,6,288,77386817984969,58.427,리더,https://open.api.nexon.com/static/maplestory/character/look/JBPNJPHANJNMGGEHHBCIHHDCCMLMPFMMEOLLHKAKNDMIJMCBKNFIMMLMOOOLJEIFNHNFIAGBAMDPIGKDPKJHJBJINGAPLFGLPOFOFJHMKHNLFFLMANFNMAPMEOGLKABNDDBBKDGJEMEEAMPHMBCDJLOAMLDMCHEPKDEAONANKKJJKHCCBAADGENGOLMCLCBJALGNLCKBADHJJOGCDGCGJCMJPPBJBMNNHDDHBGMAMOFPPEPKMHFKIIOBDAKNHNLL,2025-01-17T00:00+09:00,true,true,1
